"coup_id","cowcode","country","year","month","day","event_type","unrealized","realized","conspiracy","attempt","military","dissident","rebel","palace","foreign","auto","resign","popular","counter","other","noharm","injured","killed","harrest","jailed","tried","fled","exile"
"43910302014","439","Burkina Faso","2014","10","30","coup",0,1,0,0,1,0,0,0,0,0,0,1,0,0,1,0,0,0,0,0,1,0
"51605132015","516","Burundi","2015","05","13","attempted",1,0,0,1,1,0,0,0,0,0,0,0,0,0,1,0,0,0,0,0,0,0
"48304132006","483","Chad","2006","04","13","attempted",1,0,0,1,0,1,0,0,0,0,0,0,0,0,1,0,0,0,0,0,0,0
"65102112011","651","Egypt","2011","02","11","coup",0,1,0,0,1,0,0,0,0,0,1,1,0,0,1,0,0,0,1,1,0,0
"65107032013","651","Egypt","2013","07","03","coup",0,1,0,0,1,0,0,0,0,0,0,0,0,0,1,0,0,0,1,1,0,0
"95012052006","950","Fiji","2006","12","05","coup",0,1,0,0,1,0,0,0,0,0,0,0,0,0,1,0,0,1,0,0,0,0
"43812232008","438","Guinea","2008","12","23","coup",0,1,0,0,1,0,0,0,0,0,0,0,0,0,1,0,0,0,0,0,0,0
"43807192011","438","Guinea","2011","07","19","attempted",1,0,0,1,1,1,0,0,0,0,0,0,0,0,1,0,0,0,0,0,0,0
"40411232008","404","Guinea-Bissau","2008","11","23","attempted",1,0,0,1,1,0,0,0,0,0,0,0,0,0,1,0,0,0,0,0,0,0
"40404012010","404","Guinea-Bissau","2010","04","01","attempted",1,0,0,1,1,0,0,0,0,0,0,0,0,0,1,0,0,0,0,0,0,0
"40404122012","404","Guinea-Bissau","2012","04","12","coup",0,1,0,0,1,0,0,0,0,0,0,0,0,0,1,0,0,0,1,0,0,1
"9106282009","91","Honduras","2009","06","28","coup",0,1,0,0,1,0,0,1,0,0,0,0,0,0,1,0,0,0,0,0,0,1
"57008302014","570","Lesotho","2014","08","30","attempted",1,0,0,1,1,0,0,0,0,0,0,0,0,0,1,0,0,0,0,0,0,0
"58003172009","580","Madagascar","2009","03","17","coup",0,1,0,0,1,0,0,0,0,0,1,1,0,0,1,0,0,0,0,0,0,1
"58011172010","580","Madagascar","2010","11","17","attempted",1,0,0,1,1,0,0,0,0,0,0,0,0,0,1,0,0,0,0,0,0,0
"78102072012","781","Maldives","2012","02","07","coup",0,1,0,0,0,0,0,0,0,0,1,1,0,0,1,0,0,0,0,0,0,0
"43203222012","432","Mali","2012","03","22","coup",0,1,0,0,1,0,0,0,0,0,0,0,0,0,1,0,0,0,0,0,0,0
"43205012012","432","Mali","2012","05","01","attempted",1,0,0,1,1,0,0,0,0,0,0,0,0,0,1,0,0,0,0,0,0,0
"43508062008","435","Mauritania","2008","08","06","coup",0,1,0,0,1,0,0,0,0,0,0,0,0,0,1,0,0,0,1,0,0,0
"43602182010","436","Niger","2010","02","18","coup",0,1,0,0,1,0,0,0,0,0,0,0,0,0,1,0,0,0,1,0,0,0
"91001262012","910","Papua New Guinea","2012","01","26","attempted",1,0,0,1,1,0,0,0,0,0,0,0,0,0,1,0,0,0,0,0,0,0
"62511222012","625","Sudan","2012","11","22","conspiracy",1,0,1,0,1,0,0,0,0,0,0,0,0,0,1,0,0,0,0,0,0,0
"80009192006","800","Thailand","2006","09","19","coup",0,1,0,0,1,0,0,0,0,0,0,0,0,0,1,0,0,0,0,1,1,0
"80005222014","800","Thailand","2014","05","22","coup",0,1,0,0,1,0,0,0,0,0,0,0,0,0,1,0,0,0,1,1,1,0
"36902222014","369","Ukraine","2014","02","22","coup",0,1,0,0,0,0,0,0,0,0,0,1,0,0,1,0,0,0,0,0,1,0
"61504022019","615","Algeria","2019","04","02","coup",0,1,0,0,1,0,0,0,0,0,1,1,0,0,1,0,0,0,0,0,0,0
"43909162015","439","Burkina Faso","2015","09","16","coup",0,1,0,0,1,0,0,0,0,0,0,0,0,0,1,0,0,0,1,0,0,0
"86002112008","860","East Timor","2008","02","11","attempted",1,0,0,1,0,1,0,0,0,0,0,0,0,0,0,1,0,0,0,0,0,0
"48101072019","481","Gabon","2019","01","07","attempted",1,0,0,1,1,0,0,0,0,0,0,0,0,0,1,0,0,0,0,0,0,0
"42012302014","420","Gambia","2014","12","30","attempted",1,0,0,1,1,0,0,0,0,0,0,0,0,0,1,0,0,0,0,0,0,0
"47505002017","475","Nigeria","2017","05","00","conspiracy",1,0,1,0,1,0,0,0,0,0,0,0,0,0,1,0,0,0,0,0,0,0
"62612152013","626","South Sudan","2013","12","15","attempted",1,0,0,1,1,0,0,0,0,0,0,0,0,0,1,0,0,0,0,0,0,0
"62504112019","625","Sudan","2019","04","11","coup",0,1,0,0,1,0,0,0,0,0,0,1,0,0,1,0,0,1,0,0,0,0
"61601142011","616","Tunisia","2019","01","14","coup",0,1,0,0,0,0,0,0,0,0,1,1,0,0,1,0,0,0,0,0,1,0
"10101232019","101","Venezuela","2019","01","23","attempted",1,0,0,1,0,1,0,0,1,0,0,1,0,0,1,0,0,0,0,0,0,0
"10104302019","101","Venezuela","2019","04","30","attempted",1,0,0,1,1,1,0,0,1,0,0,1,0,0,1,0,0,0,0,0,0,0
"67901272011","679","Yemen","2011","01","27","attempted",1,0,0,1,0,0,0,0,0,0,0,1,0,0,1,0,0,0,0,0,0,0
"67901222015","679","Yemen","2015","01","22","coup",0,1,0,0,0,0,1,0,0,0,0,0,0,0,1,0,0,0,1,0,0,0
"55211152017","552","Zimbabwe","2017","11","15","coup",0,1,0,0,1,0,0,0,0,0,0,0,0,0,1,0,0,0,1,0,0,0
"70304082010","703","Kyrgyzstan","2010","04","08","coup",0,1,0,0,0,0,0,0,0,0,0,1,0,0,1,0,0,0,0,0,1,0
"37107172016","371","Armenia","2016","07","17","attempted",1,0,0,1,0,1,0,0,0,0,0,0,0,0,1,0,0,0,0,0,0,0
"48302022008","483","Chad","2008","02","02","attempted",1,0,0,1,0,0,1,0,1,0,0,0,0,0,1,0,0,0,0,0,0,0
"43812032009","438","Guinea","2009","12","03","attempted",1,0,0,1,0,0,0,1,0,0,0,0,0,0,0,1,0,0,0,0,0,0
"81206052007","812","Laos","2007","06","05","conspiracy",1,0,1,0,0,1,0,0,0,0,0,0,0,0,1,0,0,0,0,0,0,0
"62002172011","620","Libya","2011","02","17","coup",0,1,0,0,0,0,1,0,0,0,0,1,0,0,0,0,1,0,0,0,0,0
"62005182014","620","Libya","2014","05","18","attempted",1,0,0,1,1,0,0,0,0,0,0,0,0,0,1,0,0,0,0,0,0,0
"34110162016","341","Montenegro","2016","10","16","conspiracy",1,0,1,0,0,1,0,0,1,0,0,0,0,0,1,0,0,0,0,0,0,0
"64007152016","640","Turkey","2016","07","15","attempted",1,0,0,1,1,0,0,0,0,0,0,0,0,0,1,0,0,0,0,0,0,0
"43706122012","437","Ivory Coast","2012","06","12","conspiracy",1,0,1,0,1,0,0,0,0,0,0,0,0,0,1,0,0,0,0,0,0,0
"53101212013","531","Eritrea","2013","01","21","attempted",1,0,0,1,1,0,0,0,0,0,0,0,0,0,1,0,0,0,0,0,0,0
"48305012013","483","Chad","2013","05","01","conspiracy",1,0,1,0,1,1,0,0,0,0,0,0,0,0,1,0,0,0,0,0,0,0
"49012302013","480","Democratic Republic of the Congo","2013","12","30","attempted",1,0,0,1,0,1,0,0,0,0,0,0,0,0,1,0,0,0,0,0,0,0
"43910082016","439","Burkina Faso","2016","10","08","conspiracy",1,0,1,0,1,1,0,0,0,0,0,0,0,0,1,0,0,0,0,0,0,0
"84002242006","840","Philippines","2006","02","24","conspiracy",1,0,1,0,1,0,0,0,0,0,0,0,0,0,1,0,0,0,0,0,0,0
"55203102006","552","Zimbabwe","2006","03","10","conspiracy",1,0,1,0,0,1,0,0,0,0,0,0,0,0,1,0,0,0,0,0,0,0
"48303152006","483","Chad","2006","03","15","conspiracy",1,0,1,0,1,1,0,0,0,0,0,0,0,0,1,0,0,0,0,0,0,0
"42003232006","420","Gambia","2006","03","23","conspiracy",1,0,1,0,1,1,0,0,0,0,0,0,0,0,1,0,0,0,0,0,0,0
"51608022006","516","Burundi","2006","08","02","conspiracy",1,0,1,0,1,1,0,0,0,0,0,0,0,0,1,0,0,0,0,0,0,0
"37209062006","372","Georgia","2006","09","06","conspiracy",1,0,1,0,0,1,0,0,0,0,0,0,0,0,1,0,0,0,0,0,0,0
"58011182006","580","Madagascar","2006","11","18","attempted",1,0,0,1,1,0,0,0,0,0,0,0,0,0,1,0,0,0,0,0,0,0
"55205292007","552","Zimbabwe","2007","05","29","conspiracy",1,0,1,0,1,1,0,0,0,0,0,0,0,0,1,0,0,0,0,0,0,0
"84011292007","840","Zimbabwe","2007","11","29","attempted",1,0,0,1,1,1,0,0,0,0,0,0,0,0,1,0,0,0,0,0,0,0
"40408082008","404","Guinea-Bissau","2008","08","08","conspiracy",1,0,1,0,1,0,0,0,0,0,0,0,0,0,1,0,0,0,0,0,0,0
"57004222009","570","Lesotho","2009","04","22","attempted",1,0,0,1,0,1,0,0,0,0,0,0,0,0,1,0,0,0,0,0,0,0
"53004242009","530","Ethiopia","2009","04","24","conspiracy",1,0,1,0,1,1,0,0,0,0,0,0,0,0,1,0,0,0,0,0,0,0
"64002222010","640","Turkey","2010","02","22","conspiracy",1,0,1,0,1,1,0,0,0,0,0,0,0,0,1,0,0,0,0,0,0,0
"69206152011","692","Bahrain","2011","06","15","conspiracy",1,0,1,0,0,1,0,0,0,0,0,0,0,0,1,0,0,0,0,0,0,0
"77101192012","771","Bangladesh","2012","01","19","conspiracy",1,0,1,0,1,1,0,0,0,0,0,0,0,0,1,0,0,0,0,0,0,0
"40410212012","404","Guinea-Bissau","2012","10","21","attempted",1,0,0,1,0,1,0,0,0,0,0,0,0,0,1,0,0,0,0,0,0,0
"10102122015","101","Venezuela","2015","02","12","conspiracy",1,0,1,0,1,1,0,0,0,0,0,0,0,0,1,0,0,0,0,0,0,0
"43612172015","436","Niger","2015","12","17","conspiracy",1,0,1,0,1,0,0,0,0,0,0,0,0,0,1,0,0,0,0,0,0,0
"70003101963","700","Afghanistan","1963","3","10","coup",0,1,0,0,0,0,0,0,0,1,0,0,0,0,1,0,0,0,0,0,0,0
"70007171973","700","Afghanistan","1973","7","17","coup",0,1,0,0,1,0,0,0,0,0,0,0,0,0,1,0,0,0,0,0,1,0
"70009201973","700","Afghanistan","1973","9","20","attempted",1,0,0,1,1,1,0,0,0,0,0,0,0,0,1,0,0,0,0,0,0,0
"70011301973","700","Afghanistan","1976","11","26","conspiracy",1,0,1,0,1,1,0,0,0,0,0,0,0,0,1,0,0,0,0,0,0,0
"70004271978","700","Afghanistan","1978","4","27","coup",0,1,0,0,1,1,0,0,0,0,0,0,0,0,0,0,1,0,0,0,0,0
"70003271979","700","Afghanistan","1979","3","27","coup",0,1,0,0,0,0,0,0,0,0,0,0,0,0,1,0,0,0,0,0,0,0
"70012271979","700","Afghanistan","1979","12","27","coup",0,1,0,0,0,1,0,0,0,0,0,0,0,0,0,0,1,0,0,0,0,0
"70003061990","700","Afghanistan","1990","3","6","attempted",1,0,0,1,1,0,0,0,0,0,0,0,0,0,1,0,0,0,0,0,0,0
"70004161992","700","Afghanistan","1992","4","16","coup",0,1,0,0,0,0,1,0,0,0,0,0,0,0,1,0,0,0,0,0,0,0
"70009271996","700","Afghanistan","1996","9","27","coup",0,1,0,0,0,0,1,0,0,0,0,0,0,0,1,0,0,0,0,0,1,0
"70011132001","700","Afghanistan","2001","11","13","coup",0,1,0,0,0,0,1,0,1,0,0,0,0,0,1,0,0,0,0,0,0,0
"33909091946","339","Albania","1946","9","9","conspiracy",1,0,1,0,0,1,0,0,1,0,0,0,0,0,1,0,0,0,0,0,0,0
"33909131998","339","Albania","1998","9","13","attempted",1,0,0,1,0,0,0,0,0,0,0,1,0,0,1,0,0,0,0,0,0,0
"61508081962","615","Algeria","1962","8","8","coup",0,1,0,0,0,0,0,1,0,0,1,0,0,0,1,0,0,0,0,0,0,0
"61506301964","615","Algeria","1964","6","30","attempted",1,0,0,1,1,0,0,0,0,0,0,0,0,0,1,0,0,0,0,0,0,0
"61506191965","615","Algeria","1965","6","19","coup",0,1,0,0,1,0,0,0,0,0,0,0,0,0,1,0,0,0,0,0,0,0
"61512141967","615","Algeria","1967","12","14","attempted",1,0,0,1,1,0,0,0,0,0,0,0,0,0,1,0,0,0,0,0,0,0
"61506061991","615","Algeria","1991","6","6","coup",0,1,0,0,0,0,0,0,0,1,0,0,0,0,1,0,0,0,0,0,0,0
"61501111992","615","Algeria","1992","1","11","coup",0,1,0,0,1,0,0,0,0,0,0,0,0,0,1,0,0,0,0,0,0,0
"61507021992","615","Algeria","1992","7","2","coup",0,1,0,0,0,0,0,0,0,0,0,0,0,0,1,0,0,0,0,0,0,0
"61501311994","615","Algeria","1994","1","31","coup",0,1,0,0,0,0,0,1,0,0,0,0,0,0,1,0,0,0,0,0,0,0
"54011111975","540","Angola","1975","11","11","coup",0,1,0,0,0,0,1,0,0,0,0,0,0,0,1,0,0,0,0,0,0,0
"54005271977","540","Angola","1977","5","27","attempted",1,0,0,1,1,1,0,1,0,0,0,0,0,0,1,0,0,0,0,0,0,0
"16009281951","160","Argentina","1951","9","28","attempted",1,0,0,1,1,0,0,0,0,0,0,0,0,0,1,0,0,0,0,0,0,0
"16002031952","160","Argentina","1952","2","3","conspiracy",1,0,1,0,0,1,0,0,0,0,0,0,1,0,1,0,0,0,0,0,0,0
"16006161955","160","Argentina","1955","6","16","attempted",1,0,0,1,1,0,0,0,0,0,0,0,0,0,1,0,0,0,0,0,0,0
"16009161955","160","Argentina","1955","9","16","coup",0,1,0,0,1,0,0,0,0,0,0,0,0,0,1,0,0,0,0,0,1,0
"16011131955","160","Argentina","1955","11","13","coup",0,1,0,0,1,0,0,1,0,0,0,0,0,0,1,0,0,0,0,0,0,0
"16006091956","160","Argentina","1956","6","9","attempted",1,0,0,1,1,0,0,0,0,0,0,0,0,0,1,0,0,0,0,0,0,0
"16002281957","160","Argentina","1957","2","28","conspiracy",1,0,1,0,1,1,0,0,0,0,0,0,0,0,1,0,0,0,0,0,0,0
"16011301960","160","Argentina","1960","11","30","attempted",1,0,0,1,0,1,0,0,0,0,0,0,0,0,1,0,0,0,0,0,0,0
"16008111961","160","Argentina","1961","8","11","attempted",1,0,0,1,1,0,0,0,0,0,0,0,0,0,1,0,0,0,0,0,0,0
"16003281962","160","Argentina","1962","3","28","coup",0,1,0,0,1,0,0,0,0,0,0,0,0,0,1,0,0,1,0,0,0,0
"16011231962","160","Argentina","1962","11","23","conspiracy",1,0,1,0,0,1,0,0,0,0,0,0,0,0,1,0,0,0,0,0,0,0
"16004021963","160","Argentina","1963","4","2","attempted",1,0,0,1,1,0,0,0,0,0,0,0,0,0,1,0,0,0,0,0,0,0
"16006281966","160","Argentina","1966","6","28","coup",0,1,0,0,1,0,0,0,0,0,0,0,0,0,1,0,0,0,0,0,0,0
"16006081970","160","Argentina","1970","6","8","coup",0,1,0,0,0,0,0,1,0,0,0,1,0,0,1,0,0,0,0,0,0,0
"16003221971","160","Argentina","1971","3","22","coup",0,1,0,0,0,0,0,1,0,0,0,1,0,0,1,0,0,0,0,0,1,0
"16005111971","160","Argentina","1971","5","11","conspiracy",1,0,1,0,0,1,0,0,0,0,0,0,0,0,1,0,0,0,0,0,0,0
"16010081971","160","Argentina","1971","10","8","attempted",1,0,0,1,0,0,0,0,0,0,1,0,0,0,1,0,0,0,0,0,0,0
"16012181975","160","Argentina","1975","12","18","attempted",1,0,0,1,1,0,0,0,0,0,0,0,0,0,1,0,0,0,0,0,0,0
"16003241976","160","Argentina","1976","3","24","coup",0,1,0,0,1,0,0,0,0,0,0,0,0,0,1,0,0,0,1,0,0,0
"16012111981","160","Argentina","1981","12","11","coup",0,1,0,0,0,0,0,0,0,1,0,0,0,0,0,0,0,0,0,0,0,0
"16006171982","160","Argentina","1982","6","17","coup",0,1,0,0,1,0,0,1,0,0,0,0,0,0,1,0,0,1,0,0,0,0
"16004171987","160","Argentina","1987","4","17","attempted",1,0,0,1,1,0,0,0,0,0,0,0,0,0,1,0,0,0,0,0,0,0
"16012021988","160","Argentina","1988","12","2","attempted",1,0,0,1,1,0,0,0,0,0,0,0,0,0,1,0,0,0,0,0,0,0
"16012031990","160","Argentina","1990","12","3","attempted",1,0,0,1,1,1,0,0,0,0,0,0,0,0,1,0,0,0,0,0,0,0
"37303061992","373","Azerbaijan","1992","3","6","coup",0,1,0,0,0,0,1,0,0,0,1,1,0,0,1,0,0,0,0,0,0,0
"37305151992","373","Azerbaijan","1992","5","15","coup",0,1,0,0,0,0,0,0,0,0,0,1,0,0,1,0,0,0,0,0,1,0
"37310051994","373","Azerbaijan","1994","10","5","attempted",1,0,0,1,0,0,0,0,0,0,1,0,0,0,1,0,0,0,0,0,0,0
"37303131995","373","Azerbaijan","1995","3","13","attempted",1,0,0,1,1,1,0,0,0,0,1,0,0,0,1,0,0,0,0,0,0,0
"37310192005","373","Azerbaijan","2005","10","19","conspiracy",1,0,1,0,0,1,0,0,0,0,0,0,0,0,1,0,0,0,0,0,0,0
"77108151975","771","Bangladesh","1975","8","15","coup",0,1,0,0,1,0,0,0,0,0,0,0,0,0,0,0,1,0,0,0,0,0
"77111071975","771","Bangladesh","1975","11","7","coup",0,1,0,0,1,0,0,0,0,0,0,0,0,0,1,0,0,0,1,0,0,0
"77111081976","771","Bangladesh","1975","11","8","coup",0,1,0,0,1,0,0,1,0,0,0,0,0,0,0,0,1,0,0,0,0,0
"77110021977","771","Bangladesh","1977","10","2","attempted",1,0,0,1,1,1,0,0,0,0,0,0,0,0,1,0,0,0,0,0,0,0
"77105301981","771","Bangladesh","1981","5","30","attempted",1,0,0,1,1,0,0,0,0,0,0,0,0,0,0,0,1,0,0,0,0,0
"77103241982","771","Bangladesh","1982","3","24","coup",0,1,0,0,1,0,0,0,0,0,0,0,0,0,1,0,0,0,0,0,0,0
"77112061990","771","Bangladesh","1990","12","6","coup",0,1,0,0,0,0,0,0,0,0,0,1,0,0,1,0,0,1,0,0,0,0
"77105201996","771","Bangladesh","1996","5","20","attempted",1,0,0,1,1,0,0,0,0,0,0,0,0,0,1,0,0,0,0,0,0,0
"43410271963","434","Benin","1963","10","28","coup",0,1,0,0,1,0,0,0,0,0,0,1,0,0,1,0,0,1,0,0,0,0
"43411291965","434","Benin","1965","11","29","coup",0,1,0,0,1,0,0,1,0,0,0,0,0,0,1,0,0,0,1,0,1,0
"43412221965","434","Benin","1965","12","22","coup",0,1,0,0,1,0,0,0,0,0,0,0,0,0,1,0,0,0,0,0,0,0
"43412171967","434","Benin","1967","12","17","coup",0,1,0,0,1,0,0,0,0,0,0,0,0,0,1,0,0,0,0,0,0,0
"43412101969","434","Benin","1969","12","10","coup",0,1,0,0,1,0,0,0,0,0,0,0,0,0,1,0,0,0,0,0,0,0
"43402231972","434","Benin","1972","2","23","attempted",1,0,0,1,1,0,0,0,0,0,0,0,0,0,1,0,0,0,0,0,0,0
"43410261972","434","Benin","1972","10","26","coup",0,1,0,0,1,0,0,0,0,0,0,0,0,0,1,0,0,0,1,0,0,0
"43401211975","434","Benin","1975","1","21","attempted",1,0,0,1,1,0,0,0,0,0,0,0,0,0,1,0,0,0,0,0,0,0
"43410191975","434","Benin","1975","10","19","conspiracy",1,0,1,0,0,1,0,0,1,0,0,0,0,0,1,0,0,0,0,0,0,0
"43401161977","434","Benin","1977","1","16","attempted",1,0,0,1,0,1,0,0,0,0,1,0,0,0,1,0,0,0,0,0,0,0
"14507211946","145","Bolivia","1946","7","21","coup",0,1,0,0,0,0,0,0,0,0,0,1,0,0,0,0,1,0,0,0,0,0
"14505291947","145","Bolivia","1947","5","29","conspiracy",1,0,1,0,0,1,0,0,0,0,0,0,0,0,1,0,0,0,0,0,0,0
"14507221950","145","Bolivia","1950","7","22","attempted",1,0,0,1,1,1,0,0,0,0,0,0,0,0,1,0,0,0,0,0,0,0
"14505161951","145","Bolivia","1951","5","16","coup",0,1,0,0,0,0,0,0,0,1,0,0,0,0,1,0,0,0,0,0,1,0
"14504091952","145","Bolivia","1952","4","9","coup",0,1,0,0,0,0,0,0,0,0,0,1,0,0,1,0,0,0,0,0,0,1
"14501061953","145","Bolivia","1953","1","6","attempted",1,0,0,1,1,1,0,0,0,0,0,0,0,0,1,0,0,0,0,0,0,0
"14511091953","145","Bolivia","1953","11","9","attempted",1,0,0,1,1,1,0,0,0,0,0,0,0,0,1,0,0,0,0,0,0,0
"14510211958","145","Bolivia","1958","10","21","attempted",1,0,0,1,0,1,0,0,0,0,0,0,0,0,1,0,0,0,0,0,0,0
"14504191959","145","Bolivia","1959","4","19","attempted",1,0,0,1,0,1,0,0,0,0,0,0,0,0,1,0,0,0,0,0,0,0
"14503191960","145","Bolivia","1960","3","19","attempted",1,0,0,1,0,1,0,0,0,0,0,0,0,0,1,0,0,0,0,0,0,0
"14509291962","145","Bolivia","1962","9","29","conspiracy",1,0,1,0,0,1,0,0,0,0,0,0,0,0,1,0,0,0,0,0,0,0
"14511031964","145","Bolivia","1964","11","3","coup",0,1,0,0,1,0,0,1,1,0,0,0,0,0,1,0,0,0,0,0,1,0
"14508211968","145","Bolivia","1968","8","21","attempted",1,0,0,1,1,1,0,0,0,0,0,0,0,0,1,0,0,0,0,0,0,0
"14509261969","145","Bolivia","1969","9","26","coup",0,1,0,0,1,0,0,0,0,0,0,0,0,0,1,0,0,0,0,0,0,0
"14510061970","145","Bolivia","1970","10","6","coup",0,1,0,0,1,0,0,0,0,0,1,0,0,0,1,0,0,0,0,0,1,0
"14510071970","145","Bolivia","1970","10","7","coup",0,1,0,0,1,0,0,0,0,0,0,0,1,0,1,0,0,0,0,0,0,0
"14501101971","145","Bolivia","1971","1","10","attempted",1,0,0,1,1,0,0,0,0,0,0,0,0,0,1,0,0,0,0,0,0,0
"14508221971","145","Bolivia","1971","8","22","coup",0,1,0,0,1,0,0,0,1,0,0,0,0,0,1,0,0,0,0,0,0,0
"14505151973","145","Bolivia","1973","5","15","attempted",1,0,0,1,1,0,0,0,0,0,0,0,0,0,1,0,0,0,0,0,0,0
"14506051974","145","Bolivia","1974","6","5","attempted",1,0,0,1,1,0,0,0,0,0,0,0,0,0,1,0,0,0,0,0,0,0
"14511071974","145","Bolivia","1974","11","7","attempted",1,0,0,1,1,1,0,0,0,0,0,0,0,0,1,0,0,0,0,0,0,0
"14511081974","145","Bolivia","1974","11","8","coup",0,1,0,0,1,0,0,0,0,1,0,0,0,0,1,0,0,0,0,0,0,0
"14512091977","145","Bolivia","1977","12","9","attempted",1,0,0,1,1,1,0,0,0,0,0,0,0,0,1,0,0,0,0,0,0,0
"14507211978","145","Bolivia","1978","7","21","coup",0,1,0,0,1,0,0,0,0,0,0,0,0,0,1,0,0,0,0,0,0,0
"14510291978","145","Bolivia","1978","10","29","conspiracy",1,0,1,0,0,1,0,0,0,0,0,0,0,0,1,0,0,0,0,0,0,0
"14511241978","145","Bolivia","1978","11","24","coup",0,1,0,0,1,0,0,0,0,0,0,0,0,0,1,0,0,0,0,0,0,0
"14510111979","145","Bolivia","1979","10","11","attempted",1,0,0,1,1,0,0,0,0,0,0,0,0,0,1,0,0,0,0,0,0,0
"14511011979","145","Bolivia","1979","11","1","coup",0,1,0,0,1,0,0,0,0,0,0,0,0,0,1,0,0,0,0,0,0,0
"14511161979","145","Bolivia","1979","11","16","coup",0,1,0,0,1,0,0,0,0,0,1,1,0,0,1,0,0,0,0,0,0,0
"14507171980","145","Bolivia","1980","7","17","coup",0,1,0,0,1,0,0,0,0,0,0,0,0,0,1,0,0,0,0,0,0,0
"14505151981","145","Bolivia","1981","5","15","attempted",1,0,0,1,1,1,0,0,0,0,0,0,0,0,1,0,0,0,0,0,0,0
"14505251981","145","Bolivia","1981","5","25","attempted",1,0,0,1,1,1,0,0,0,0,0,0,0,0,1,0,0,0,0,0,0,0
"14506271981","145","Bolivia","1981","6","27","attempted",1,0,0,1,1,0,0,0,0,0,0,0,0,0,1,0,0,0,0,0,0,0
"14508041981","145","Bolivia","1981","8","4","coup",0,1,0,0,0,0,0,1,0,0,1,0,0,0,1,0,0,0,0,0,1,0
"14507191982","145","Bolivia","1982","7","19","coup",0,1,0,0,0,0,0,1,0,0,0,0,0,0,1,0,0,0,0,0,0,0
"14506301984","145","Bolivia","1984","6","30","attempted",1,0,0,1,0,0,0,0,0,0,0,0,0,0,1,0,0,0,0,0,0,0
"14512291984","145","Bolivia","1984","12","29","conspiracy",1,0,1,0,1,0,0,0,0,0,0,0,0,0,1,0,0,0,0,0,0,0
"14010291945","140","Brazil","1945","10","29","coup",0,1,0,0,1,0,0,0,0,0,1,0,0,0,0,0,0,0,1,0,0,0
"14011111955","140","Brazil","1955","11","11","coup",0,1,0,0,1,0,0,0,0,0,0,0,0,0,1,0,0,0,0,0,0,0
"14012031959","140","Brazil","1959","12","3","attempted",1,0,0,1,1,1,0,0,0,0,0,0,0,0,1,0,0,0,0,0,0,0
"14008261961","140","Brazil","1961","8","26","coup",0,1,0,0,1,0,0,1,0,0,0,0,0,0,1,0,0,0,0,0,0,0
"14009121963","140","Brazil","1963","9","12","attempted",1,0,0,1,1,0,0,0,0,0,0,0,0,0,1,0,0,0,0,0,0,0
"14004011964","140","Brazil","1964","4","1","coup",0,1,0,0,1,1,0,0,0,0,0,0,0,0,1,0,0,0,0,0,1,0
"14008311969","140","Brazil","1969","8","31","coup",0,1,0,0,1,0,0,0,0,0,0,0,0,0,1,0,0,0,0,0,0,0
"35511101989","355","Bulgaria","1989","11","10","coup",0,1,0,0,0,0,0,1,0,0,1,0,0,0,1,0,0,0,0,0,0,0
"43901031966","439","Burkina Faso","1966","1","3","coup",0,1,0,0,1,0,0,0,0,0,1,1,0,0,1,0,0,0,0,0,0,0
"43902081974","439","Burkina Faso","1974","2","8","coup",0,1,0,0,1,0,0,0,0,0,0,0,0,0,1,0,0,0,0,0,0,0
"43911251980","439","Burkina Faso","1980","11","25","coup",0,1,0,0,1,0,0,0,0,0,0,0,0,0,1,0,0,0,0,0,0,0
"43911071982","439","Burkina Faso","1982","11","7","coup",0,1,0,0,1,0,0,0,0,0,0,0,0,0,1,0,0,0,1,0,0,0
"43908041983","439","Burkina Faso","1983","8","4","coup",0,1,0,0,1,0,0,0,0,0,0,0,0,0,1,0,0,1,0,0,0,0
"43910151987","439","Burkina Faso","1987","10","15","coup",0,1,0,0,1,1,0,0,0,0,0,0,0,0,0,0,1,0,0,0,0,0
"43912251989","439","Burkina Faso","1989","12","25","conspiracy",1,0,1,0,1,1,0,0,0,0,0,0,0,0,1,0,0,0,0,0,0,0
"51610181965","516","Burundi","1965","10","18","attempted",1,0,0,1,0,1,0,0,0,0,0,0,0,0,0,1,0,0,0,0,0,0
"51607081966","516","Burundi","1966","7","8","coup",0,1,0,0,0,0,0,1,0,0,0,0,0,0,1,0,0,0,0,0,0,0
"51611281966","516","Burundi","1966","11","28","coup",0,1,0,0,1,0,0,1,0,0,0,0,0,0,1,0,0,0,0,0,1,0
"51611011976","516","Burundi","1976","11","1","coup",0,1,0,0,1,0,0,0,0,0,0,0,0,0,1,0,0,0,0,0,0,1
"51611111976","516","Burundi","1976","11","11","coup",0,1,0,0,0,0,0,1,0,1,0,0,0,0,1,0,0,0,0,0,0,0
"51609031987","516","Burundi","1987","9","3","coup",0,1,0,0,1,0,0,0,0,0,0,0,0,0,1,0,0,0,0,0,0,0
"51607031993","516","Burundi","1993","7","3","attempted",1,0,0,1,1,0,0,0,0,0,0,0,0,0,1,0,0,0,0,0,0,0
"51610211993","516","Burundi","1993","10","21","coup",0,1,0,0,1,0,0,0,0,0,0,0,0,0,0,0,1,0,0,0,0,0
"51610271993","516","Burundi","1993","10","27","coup",0,1,0,0,1,0,0,0,0,0,0,0,1,0,1,0,0,0,0,0,0,0
"51604251994","516","Burundi","1994","4","25","attempted",1,0,0,1,0,0,1,0,0,0,0,0,0,0,1,0,0,0,0,0,0,0
"51607251996","516","Burundi","1996","7","25","coup",0,1,0,0,1,0,0,0,0,0,0,0,0,0,1,0,0,0,0,0,0,0
"51604182001","516","Burundi","2001","4","18","attempted",1,0,0,1,1,0,0,0,0,0,0,0,0,0,1,0,0,0,0,0,0,0
"51607222001","516","Burundi","2001","7","22","attempted",1,0,0,1,0,1,0,0,0,0,0,0,0,0,1,0,0,0,0,0,0,0
"81103181970","811","Cambodia","1970","3","18","coup",0,1,0,0,0,0,0,1,0,0,0,0,0,0,1,0,0,0,0,0,1,0
"81104011975","811","Cambodia","1975","4","1","coup",0,1,0,0,0,0,1,0,0,0,1,0,0,0,1,0,0,0,0,0,1,0
"81104171977","811","Cambodia","1977","4","17","attempted",1,0,0,1,1,1,0,0,0,0,0,0,0,0,1,0,0,0,0,0,0,0
"81101071979","811","Cambodia","1979","1","7","coup",0,1,0,0,0,0,0,0,1,0,0,0,0,0,1,0,0,0,0,0,1,0
"81107021994","811","Cambodia","1994","7","2","attempted",1,0,0,1,0,1,0,0,0,0,0,0,0,0,1,0,0,0,0,0,0,0
"81107051997","811","Cambodia","1997","7","5","coup",0,1,0,0,0,0,0,1,0,0,0,0,0,0,1,0,0,0,0,0,0,0
"81111242000","811","Cambodia","2000","11","24","attempted",1,0,0,1,0,1,0,0,0,0,0,0,0,0,1,0,0,0,0,0,0,0
"47104061984","471","Cameroon","1984","4","6","attempted",1,0,0,1,0,1,0,0,0,0,0,0,0,0,1,0,0,0,0,0,0,0
"48201011966","482","Central African Republic","1966","1","1","coup",0,1,0,0,1,0,0,0,0,0,0,0,0,0,1,0,0,1,0,0,0,0
"48204101969","482","Central African Republic","1969","4","10","attempted",1,0,0,1,1,0,0,0,0,0,0,0,0,0,1,0,0,0,0,0,0,0
"48202051976","482","Central African Republic","1976","2","5","attempted",1,0,0,1,1,0,0,1,0,0,0,0,0,0,1,0,0,0,0,0,0,0
"48209211979","482","Central African Republic","1979","9","21","coup",0,1,0,0,0,0,0,0,1,0,0,0,0,0,1,0,0,0,0,0,1,0
"48209011981","482","Central African Republic","1981","9","1","coup",0,1,0,0,1,0,0,0,0,0,0,0,0,0,1,0,0,0,0,0,0,0
"48203031982","482","Central African Republic","1982","3","3","attempted",1,0,0,1,1,0,0,1,0,0,0,0,0,0,1,0,0,0,0,0,0,0
"48205282001","482","Central African Republic","2001","5","28","attempted",1,0,0,1,0,0,1,1,0,0,0,0,0,0,1,0,0,0,0,0,0,0
"48210252002","482","Central African Republic","2002","10","25","coup",0,1,0,0,0,0,1,0,0,0,0,0,0,0,1,0,0,0,0,0,0,0
"48203152003","482","Central African Republic","2003","3","15","coup",0,1,0,0,1,0,1,0,0,0,0,0,0,0,1,0,0,0,0,0,0,0
"48311191965","483","Chad","1965","11","19","conspiracy",1,0,1,0,0,1,0,1,0,0,0,0,0,0,1,0,0,0,0,0,0,0
"48308261971","483","Chad","1971","8","26","attempted",1,0,0,1,0,0,1,0,1,0,0,0,0,0,1,0,0,0,0,0,0,0
"48304131975","483","Chad","1975","4","13","coup",0,1,0,0,1,0,0,0,0,0,0,0,0,0,0,0,1,0,0,0,0,0
"48304151975","483","Chad","1975","4","15","coup",0,1,0,0,0,0,0,1,0,1,0,0,0,0,1,0,0,0,0,0,0,0
"48304011977","483","Chad","1977","4","1","attempted",1,0,0,1,1,0,0,0,0,0,0,0,0,0,1,0,0,0,0,0,0,0
"48306071982","483","Chad","1982","6","7","coup",0,1,0,0,0,0,1,0,0,0,0,0,0,0,1,0,0,0,0,0,1,0
"48304011989","483","Chad","1989","4","1","attempted",1,0,0,1,1,0,0,1,0,0,0,0,0,0,1,0,0,0,0,0,0,0
"48312021990","483","Chad","1990","12","2","coup",0,1,0,0,0,0,1,0,0,0,0,0,0,0,1,0,0,0,0,0,1,0
"48310131991","483","Chad","1991","10","13","attempted",1,0,0,1,1,0,0,0,0,0,0,0,0,0,1,0,0,0,0,0,0,0
"48306181992","483","Chad","1992","6","18","attempted",1,0,0,1,0,0,0,1,0,0,0,0,0,0,1,0,0,0,0,0,0,0
"15510311948","155","Chile","1948","10","31","conspiracy",1,0,1,0,0,1,0,0,0,0,0,0,0,0,1,0,0,0,0,0,0,0
"15503251970","155","Chile","1970","3","25","conspiracy",1,0,1,0,1,1,0,0,0,0,0,0,0,0,1,0,0,0,0,0,0,0
"15506291973","155","Chile","1973","6","29","attempted",1,0,0,1,1,0,0,0,0,0,0,0,0,0,1,0,0,0,0,0,0,0
"15509111973","155","Chile","1973","9","11","coup",0,1,0,0,1,1,0,0,0,0,0,0,0,0,0,0,1,0,0,0,0,0
"15510311975","155","Chile","1975","10","31","conspiracy",1,0,1,0,0,1,0,0,0,0,0,0,0,0,1,0,0,0,0,0,0,0
"71001211949","710","China","1949","1","21","coup",0,1,0,0,0,0,1,0,0,0,1,0,0,0,1,0,0,0,0,0,1,0
"71010011949","710","China","1949","10","1","coup",0,1,0,0,0,0,1,0,0,0,0,0,0,0,1,0,0,0,0,0,1,0
"71009081971","710","China","1971","9","8","attempted",1,0,0,1,0,0,0,1,0,0,0,0,0,0,1,0,0,0,0,0,0,0
"71009101980","710","China","1980","9","10","coup",0,1,0,0,0,0,0,1,0,0,0,0,0,0,1,0,0,0,0,0,0,0
"10006131953","100","Colombia","1953","6","13","coup",0,1,0,0,1,0,0,0,0,0,0,0,0,0,1,0,0,0,0,0,1,0
"10005101957","100","Colombia","1957","5","10","coup",0,1,0,0,1,0,0,1,0,0,1,1,0,0,1,0,0,0,0,0,0,0
"10005021958","100","Colombia","1958","5","2","attempted",1,0,0,1,1,1,0,0,0,0,0,0,0,0,1,0,0,0,0,0,0,0
"10012041958","100","Colombia","1958","12","4","conspiracy",1,0,1,0,0,1,0,0,0,0,0,0,0,0,1,0,0,0,0,0,0,0
"10010111961","100","Colombia","1961","10","11","attempted",1,0,0,1,1,0,0,0,0,0,0,0,0,0,1,0,0,0,0,0,0,0
"58108031975","581","Comoros","1975","8","3","coup",0,1,0,0,0,1,0,0,1,0,0,0,0,0,1,0,0,0,0,0,0,0
"58106041977","581","Comoros","1977","6","4","attempted",1,0,0,1,0,0,0,0,0,0,0,0,0,0,1,0,0,0,0,0,0,0
"58105131978","581","Comoros","1978","5","13","coup",0,1,0,0,0,0,0,0,0,0,0,0,0,0,0,0,1,0,0,0,0,0
"58111261989","581","Comoros","1989","11","26","coup",0,1,0,0,0,0,0,0,0,0,0,0,0,0,1,0,0,0,0,0,0,0
"58109261992","581","Comoros","1992","9","26","attempted",1,0,0,1,1,0,0,0,0,0,0,0,0,0,1,0,0,0,0,0,0,0
"58109291995","581","Comoros","1995","9","29","coup",0,1,0,0,0,0,0,0,0,0,0,0,0,0,1,0,0,0,1,0,0,0
"58110051995","581","Comoros","1995","10","5","coup",0,1,0,0,0,0,0,0,1,0,0,0,1,0,1,0,0,0,0,0,0,0
"58104301999","581","Comoros","1999","4","30","coup",0,1,0,0,1,0,0,0,0,0,0,1,0,0,1,0,0,0,0,0,0,0
"58103212000","581","Comoros","2000","3","21","attempted",1,0,0,1,1,1,0,0,0,0,0,0,0,0,1,0,0,0,0,0,0,0
"48408151963","484","Congo","1963","8","15","coup",0,1,0,0,0,0,0,0,0,0,0,1,0,0,1,0,0,0,1,1,0,1
"48406271966","484","Congo","1966","6","27","attempted",1,0,0,1,1,1,0,0,0,0,0,0,0,0,1,0,0,0,0,0,0,0
"48405131968","484","Congo","1968","5","13","attempted",1,0,0,1,0,1,0,0,0,0,0,0,0,0,1,0,0,0,0,0,0,0
"48408031968","484","Congo","1968","8","3","coup",0,1,0,0,0,0,0,0,0,0,1,0,0,0,1,0,0,0,0,0,0,0
"48409041968","484","Congo","1968","9","4","coup",0,1,0,0,1,0,0,0,0,0,0,0,0,0,1,0,0,0,0,0,0,0
"48401011969","484","Congo","1969","1","1","coup",0,1,0,0,0,0,0,1,0,0,0,0,0,0,1,0,0,0,0,0,0,0
"48411081969","484","Congo","1969","11","8","attempted",1,0,0,1,0,1,0,0,0,0,0,0,0,0,1,0,0,0,0,0,0,0
"48403231970","484","Congo","1970","3","23","attempted",1,0,0,1,1,1,0,0,0,0,0,0,0,0,1,0,0,0,0,0,0,0
"48402221972","484","Congo","1972","2","22","attempted",1,0,0,1,1,0,0,0,0,0,0,0,0,0,1,0,0,0,0,0,0,0
"48403181977","484","Congo","1977","3","18","attempted",1,0,0,1,0,1,0,0,0,0,0,0,0,0,0,0,1,0,0,0,0,0
"48408141978","484","Congo","1978","8","14","conspiracy",1,0,1,0,0,1,0,0,0,0,0,0,0,0,1,0,0,0,0,0,0,0
"48402051979","484","Congo","1979","2","5","coup",0,1,0,0,0,0,0,1,0,0,0,0,0,0,1,0,0,0,0,0,0,0
"48402081979","484","Congo","1979","2","8","coup",0,1,0,0,0,0,0,1,0,0,0,0,0,0,1,0,0,0,0,0,0,0
"48410151997","484","Congo","1997","10","15","coup",0,1,0,0,0,0,1,0,1,0,0,0,0,0,1,0,0,0,0,0,1,0
"48404102005","484","Congo","2005","4","10","conspiracy",1,0,1,0,1,1,0,0,0,0,0,0,0,0,1,0,0,0,0,0,0,0
"9406251946","94","Costa Rica","1946","6","25","attempted",1,0,0,1,0,1,0,0,0,0,0,0,0,0,1,0,0,0,0,0,0,0
"9404251948","94","Costa Rica","1948","4","25","coup",0,1,0,0,0,0,1,0,0,0,0,1,0,0,1,0,0,0,0,0,1,0
"9405081948","94","Costa Rica","1948","5","8","coup",0,1,0,0,0,0,1,0,0,0,0,0,0,0,1,0,0,0,0,0,0,1
"9412111948","94","Costa Rica","1948","12","11","attempted",1,0,0,1,0,1,0,0,1,0,0,0,0,0,1,0,0,0,0,0,0,0
"9411271954","94","Costa Rica","1954","11","27","attempted",1,0,0,1,0,0,1,0,1,0,0,0,0,0,1,0,0,0,0,0,0,0
"43707231991","437","Cote d'Ivoire","1991","7","23","conspiracy",1,0,1,0,1,0,0,0,0,0,0,0,0,0,1,0,0,0,0,0,0,0
"43712241999","437","Cote d'Ivoire","1999","12","24","coup",0,1,0,0,1,0,0,0,0,0,0,0,0,0,1,0,0,0,0,0,1,0
"43709182000","437","Cote d'Ivoire","2000","9","18","attempted",1,0,0,1,1,0,0,0,0,0,0,0,0,0,1,0,0,0,0,0,0,0
"43710252000","437","Cote d'Ivoire","2000","10","25","coup",0,1,0,0,0,0,0,0,0,0,0,1,0,0,1,0,0,0,0,0,1,0
"43701072001","437","Cote d'Ivoire","2001","1","7","attempted",1,0,0,1,0,1,0,0,1,0,0,0,0,0,1,0,0,0,0,0,0,0
"43709192002","437","Cote d'Ivoire","2002","9","19","attempted",1,0,0,1,1,0,0,0,0,0,0,0,0,0,1,0,0,0,0,0,0,0
"4009211947","40","Cuba","1947","9","21","conspiracy",1,0,1,0,0,1,0,1,0,0,0,0,0,0,1,0,0,0,0,0,0,0
"4003101952","40","Cuba","1952","3","10","coup",0,1,0,0,1,0,0,0,0,0,0,0,0,0,1,0,0,0,0,0,0,1
"4007261953","40","Cuba","1953","7","26","attempted",1,0,0,1,0,1,0,0,0,0,0,0,0,0,1,0,0,0,0,0,0,0
"4004031956","40","Cuba","1956","4","3","conspiracy",1,0,1,0,1,0,0,0,0,0,0,0,0,0,1,0,0,0,0,0,0,0
"4003131957","40","Cuba","1957","3","13","attempted",1,0,0,1,0,1,0,0,0,0,0,0,0,0,1,0,0,0,0,0,0,0
"4009051957","40","Cuba","1957","9","5","attempted",1,0,0,1,1,0,0,0,0,0,0,0,0,0,1,0,0,0,0,0,0,0
"4001011959","40","Cuba","1959","1","1","coup",0,1,0,0,0,0,1,0,0,0,0,0,0,0,1,0,0,0,0,0,1,0
"4004171961","40","Cuba","1961","4","17","attempted",1,0,0,1,0,1,0,0,1,0,0,0,0,0,1,0,0,0,0,0,0,0
"35207151974","352","Cyprus","1974","7","15","coup",0,1,0,0,1,0,1,0,1,0,0,0,0,0,1,0,0,0,0,0,1,0
"31509131947","315","Czechoslovakia","1947","9","13","conspiracy",1,0,1,0,0,1,0,0,0,0,0,0,0,0,1,0,0,0,0,0,0,0
"31502251948","315","Czechoslovakia","1948","2","25","coup",0,1,0,0,0,0,0,1,0,0,0,0,0,0,1,0,0,0,0,0,0,0
"31503181950","315","Czechoslovakia","1950","3","18","conspiracy",1,0,1,0,0,1,0,0,0,0,0,0,0,0,1,0,0,0,0,0,0,0
"31502251951","315","Czechoslovakia","1951","2","25","conspiracy",1,0,1,0,0,1,0,0,0,0,0,0,0,0,1,0,0,0,0,0,0,0
"31511201951","315","Czechoslovakia","1951","11","20","conspiracy",1,0,1,0,0,1,0,0,0,0,0,0,0,0,1,0,0,0,0,0,0,0
"31501051968","315","Czechoslovakia","1968","1","5","coup",0,1,0,0,0,0,0,1,0,0,0,0,0,0,1,0,0,0,0,0,0,0
"31508201968","315","Czechoslovakia","1968","8","20","coup",0,1,0,0,0,0,0,0,1,0,0,0,0,0,1,0,0,0,1,0,0,1
"31512181987","315","Czechoslovakia","1987","12","18","coup",0,1,0,0,0,0,0,1,0,0,0,0,0,0,1,0,0,0,0,0,0,0
"49009141960","490","Democratic Republic of the Congo","1960","9","14","coup",0,1,0,0,1,0,0,0,1,0,0,0,0,0,0,0,1,1,0,0,0,0
"49011251965","490","Democratic Republic of the Congo","1965","11","25","coup",0,1,0,0,1,0,0,0,0,0,0,0,0,0,1,0,0,1,0,0,0,0
"49005301966","490","Democratic Republic of the Congo","1966","5","30","attempted",1,0,0,1,0,1,0,1,0,0,0,0,0,0,1,0,0,0,0,0,0,0
"49006181975","490","Democratic Republic of the Congo","1975","6","18","attempted",1,0,0,1,1,1,0,0,1,0,0,0,0,0,1,0,0,0,0,0,0,0
"49001221992","490","Democratic Republic of the Congo","1992","1","22","attempted",1,0,0,1,1,0,0,0,0,0,0,0,0,0,1,0,0,0,0,0,0,0
"49005161997","490","Democratic Republic of the Congo","1997","5","16","coup",0,1,0,0,0,0,1,0,1,0,0,0,0,0,1,0,0,0,0,0,0,0
"49003282004","490","Democratic Republic of the Congo","2003","3","28","attempted",1,0,0,1,0,1,0,0,0,0,0,0,0,0,1,0,0,0,0,0,0,0
"49006112004","490","Democratic Republic of the Congo","2004","6","11","attempted",1,0,0,1,1,0,0,0,0,0,0,0,0,0,1,0,0,0,0,0,0,0
"52201081991","522","Djibouti","1991","1","8","conspiracy",1,0,1,0,0,1,0,0,0,0,0,0,0,0,1,0,0,0,0,0,0,0
"5412191981","54","Dominica","1981","12","19","attempted",1,0,0,0,0,1,0,0,0,0,0,0,0,0,1,0,0,0,0,0,0,0
"4206211949","42","Dominican Republic","1949","6","21","attempted",1,0,0,1,0,0,0,0,0,0,0,1,0,0,0,0,0,0,0,0,0,0
"4206141959","42","Dominican Republic","1959","6","14","attempted",1,0,0,1,0,1,0,0,0,0,0,0,0,0,1,0,0,0,0,0,0,0
"4205301961","42","Dominican Republic","1961","5","30","attempted",1,0,0,1,1,0,0,0,1,0,0,0,0,0,0,0,1,0,0,0,0,0
"4201161962","42","Dominican Republic","1962","1","16","coup",0,1,0,0,1,0,0,0,0,0,1,1,0,0,1,0,0,0,0,0,0,1
"4201191962","42","Dominican Republic","1962","1","19","coup",0,1,0,0,0,1,0,0,0,0,0,0,1,0,1,0,0,0,0,0,0,0
"4209251963","42","Dominican Republic","1963","9","25","coup",0,1,0,0,1,0,0,0,0,0,0,0,0,0,1,0,0,0,0,0,1,0
"4204251965","42","Dominican Republic","1965","4","25","coup",0,1,0,0,1,0,0,0,0,0,0,1,0,0,1,0,0,0,0,0,0,0
"4204271965","42","Dominican Republic","1965","4","27","coup",0,1,0,0,1,0,0,0,1,0,0,0,1,0,1,0,0,0,0,0,1,0
"4211221965","42","Dominican Republic","1965","11","22","attempted",1,0,0,1,0,0,0,0,0,0,0,0,0,0,1,0,0,0,0,0,0,0
"13003141947","130","Ecuador","1947","3","14","attempted",1,0,0,1,0,1,0,0,0,0,0,0,0,0,1,0,0,0,0,0,0,0
"13008231947","130","Ecuador","1947","8","23","coup",0,1,0,0,0,0,0,1,0,0,0,0,0,0,1,0,0,0,0,0,0,1
"13009031947","130","Ecuador","1947","9","3","coup",0,1,0,0,1,0,0,0,0,0,0,0,1,0,1,0,0,0,0,0,0,0
"13003031952","130","Ecuador","1952","3","3","attempted",1,0,0,1,1,1,0,0,0,0,0,0,0,0,1,0,0,0,0,0,0,0
"13012231954","130","Ecuador","1954","12","23","attempted",1,0,0,1,1,0,0,0,0,0,0,0,0,0,1,0,0,0,0,0,0,0
"13008071956","130","Ecuador","1956","8","7","attempted",1,0,0,1,1,1,0,0,0,0,0,0,0,0,1,0,0,0,0,0,0,0
"13011081961","130","Ecuador","1961","11","8","coup",0,1,0,0,1,0,0,1,0,0,0,0,0,0,1,0,0,0,0,0,0,0
"13007111963","130","Ecuador","1963","7","11","coup",0,1,0,0,1,0,0,0,0,0,0,0,0,0,1,0,0,0,0,0,0,0
"13003291966","130","Ecuador","1966","3","29","coup",0,1,0,0,0,0,0,0,0,0,0,1,0,0,1,0,0,0,0,0,0,0
"13006221970","130","Ecuador","1970","6","22","coup",0,1,0,0,0,0,0,0,0,1,0,0,0,0,1,0,0,0,0,0,0,0
"13002151972","130","Ecuador","1972","2","15","coup",0,1,0,0,1,0,0,0,0,0,0,0,0,0,1,0,0,0,0,0,0,1
"13009011975","130","Ecuador","1975","9","1","attempted",1,0,0,1,1,0,0,0,0,0,0,0,0,0,1,0,0,0,0,0,0,0
"13001111976","130","Ecuador","1976","1","11","coup",0,1,0,0,1,0,0,0,0,0,0,0,0,0,1,0,0,0,0,0,0,0
"13003081986","130","Ecudaor","1986","3","8","attempted",1,0,0,1,1,0,0,0,0,0,0,0,0,0,1,0,0,0,0,0,0,0
"13001212000","130","Ecuador","2000","1","21","attempted",1,0,0,1,1,0,0,0,0,0,0,1,0,0,1,0,0,0,0,0,0,0
"13004152005","130","Ecuador","2005","4","15","attempted",1,0,0,1,0,0,0,0,0,1,0,0,0,0,1,0,0,0,0,0,0,0
"65112231947","651","Egypt","1947","12","23","conspiracy",1,0,1,0,1,0,0,0,0,0,0,0,0,0,1,0,0,0,0,0,0,0
"65107231952","651","Egypt","1952","7","23","coup",0,1,0,0,1,0,0,0,1,0,1,0,0,0,1,0,0,0,0,0,1,0
"65101161953","651","Egypt","1953","1","16","conspiracy",1,0,1,0,0,1,0,0,0,0,0,0,0,0,1,0,0,0,0,0,0,0
"65102271954","651","Egypt","1954","2","27","coup",0,1,0,0,0,1,0,0,0,0,0,0,0,0,1,0,0,0,0,0,0,0
"65104281954","651","Egypt","1954","4","28","conspiracy",1,0,1,0,1,0,0,0,0,0,0,0,0,0,1,0,0,0,0,0,0,0
"65111141954","651","Egypt","1954","11","14","coup",0,1,0,0,0,0,0,1,0,0,0,0,0,0,1,0,0,1,0,0,0,0
"65111171954","651","Egypt","1954","11","17","coup",0,1,0,0,0,0,0,1,0,0,0,0,0,0,1,0,0,0,0,0,0,0
"65103051958","651","Egypt","1958","3","5","conspiracy",1,0,1,0,0,1,0,0,0,0,0,0,0,0,1,0,0,0,0,0,0,0
"65104011966","651","Egypt","1966","4","14","conspiracy",1,0,1,0,1,0,0,0,0,0,0,0,0,0,1,0,0,0,0,0,0,0
"65108271967","651","Egypt","1967","8","27","conspiracy",1,0,1,0,1,0,0,0,0,0,0,0,0,0,1,0,0,0,0,0,0,0
"65104271974","651","Egypt","1974","4","27","attempted",1,0,0,1,1,1,0,0,1,0,0,0,0,0,1,0,0,0,0,0,0,0
"9212141948","92","El Salvador","1948","12","14","coup",0,1,0,0,1,0,0,0,0,0,0,0,0,0,1,0,0,0,0,0,0,0
"9201061949","92","El Salvador","1949","1","6","coup",0,1,0,0,1,0,0,1,0,0,0,0,0,0,1,0,0,0,0,0,0,0
"9209231952","92","El Salvador","1952","9","27","conspiracy",1,0,1,0,0,1,0,0,0,0,0,0,0,0,1,0,0,0,0,0,0,0
"9210261960","92","El Salvador","1960","10","26","coup",0,1,0,0,1,0,0,0,0,0,0,1,0,0,1,0,0,0,0,0,1,0
"9201251961","92","El Salvador","1961","1","25","coup",0,1,0,0,1,0,0,0,0,0,0,0,0,0,1,0,0,0,0,0,0,0
"9203251972","92","El Salvador","1972","3","25","attempted",1,0,0,1,1,0,0,0,0,0,0,0,0,0,1,0,0,1,0,0,0,0
"9210151979","92","El Salvador","1979","10","15","coup",0,1,0,0,1,0,0,0,0,0,0,1,0,0,1,0,0,0,0,0,0,0
"9212071980","92","El Salvador","1980","12","7","coup",0,1,0,0,1,0,0,0,0,1,0,0,0,0,1,0,0,0,0,0,0,1
"41103051969","411","Equatorial Guinea","1969","3","5","attempted",1,0,0,1,0,1,0,1,0,0,0,0,0,0,1,0,0,0,0,0,0,0
"41108031979","411","Equatorial Guinea","1979","8","3","coup",0,1,0,0,1,0,0,1,0,0,0,0,0,0,1,0,0,0,0,0,0,0
"41107191986","411","Equatorial Guinea","1986","7","19","attempted",1,0,0,1,0,1,0,0,0,0,0,0,0,0,1,0,0,0,0,0,0,0
"41103072004","411","Equatorial Guinea","2004","3","7","conspiracy",1,0,1,0,0,1,0,0,0,0,0,0,0,0,1,0,0,0,0,0,0,0
"53012131960","530","Ethiopia","1960","12","14","coup",0,1,0,0,1,0,0,1,0,0,0,0,0,0,1,0,0,0,0,0,0,0
"53012171960","530","Ethiopia","1960","12","17","coup",0,1,0,0,1,0,0,0,0,0,0,0,1,0,1,0,0,0,0,0,0,0
"53009121974","530","Ethiopia","1974","9","12","coup",0,1,0,0,1,0,0,0,0,0,0,1,0,0,1,0,0,0,1,0,0,0
"53011231974","530","Ethiopia","1974","11","23","coup",0,1,0,0,0,0,0,1,0,0,0,0,0,0,0,0,1,0,0,0,0,0
"53002031977a","530","Ethiopia","1977","2","3","attempted",1,0,0,1,0,0,0,0,0,1,0,0,0,0,0,0,0,0,0,0,0,0
"53002031977b","530","Ethiopia","1977","2","3","coup",0,1,0,0,0,0,0,1,0,0,0,0,0,0,0,0,1,0,0,0,0,0
"53005161989","530","Ethiopia","1989","5","16","attempted",1,0,0,1,1,0,0,0,0,0,0,0,0,0,1,0,0,0,0,0,0,0
"53005211991","530","Ethiopia","1991","5","21","coup",0,1,0,0,0,0,1,0,0,0,1,0,0,0,1,0,0,0,0,0,1,0
"53005271991","530","Ethiopia","1991","5","27","coup",0,1,0,0,0,0,1,0,0,0,0,0,0,0,1,0,0,0,0,0,1,0
"95005141987","950","Fiji","1987","5","14","coup",0,1,0,0,1,0,0,0,0,0,0,0,0,0,1,0,0,0,0,0,0,0
"95009281987","950","Fiji","1987","9","28","coup",0,1,0,0,1,0,0,0,0,1,0,0,0,0,1,0,0,0,0,0,0,0
"95005192000","950","Fiji","2000","5","19","coup",0,1,0,0,1,1,0,0,0,0,0,0,0,0,1,0,0,0,0,0,0,0
"95011022000","950","Fiji","2000","11","2","attempted",1,0,0,1,1,0,0,0,0,0,0,0,0,0,1,0,0,0,0,0,0,0
"48102171964","481","Gabon","1964","2","17","coup",0,1,0,0,1,0,0,0,0,0,0,0,0,0,1,0,0,0,1,0,0,0
"48102191964","481","Gabon","1964","2","19","coup",0,1,0,0,1,0,0,0,0,0,0,0,1,0,1,0,0,0,1,0,0,0
"42007291981","420","Gambia","1981","7","29","attempted",1,0,0,1,0,0,1,0,0,0,0,0,0,0,1,0,0,0,0,0,0,0
"42007241994","420","Gambia","1994","7","24","coup",0,1,0,0,1,0,0,0,0,0,0,0,0,0,1,0,0,0,0,0,1,0
"42011111994","420","Gambia","1994","11","11","attempted",1,0,0,1,1,0,0,0,0,0,0,0,0,0,1,0,0,0,0,0,0,0
"37201061992","372","Georgia","1992","1","6","coup",0,1,0,0,0,0,1,0,1,0,0,0,0,0,1,0,0,0,0,0,1,0
"37205001999","372","Georgia","1999","5","22","conspiracy",1,0,1,0,0,1,0,0,0,0,0,0,0,0,1,0,0,0,0,0,0,0
"37211232003","372","Georgia","2003","11","23","coup",0,1,0,0,0,0,0,0,0,0,1,1,0,0,1,0,0,0,0,0,0,0
"26506171953","265","German Democratic Republic","1953","6","17","attempted",1,0,0,1,0,0,0,0,0,0,0,1,0,0,1,0,0,0,0,0,0,0
"26505031971","265","German Democratic Republic","1971","5","3","coup",0,1,0,0,0,0,0,0,0,0,1,0,0,0,1,0,0,0,0,0,0,0
"26510181989","265","German Democratic Republic","1989","10","18","coup",0,1,0,0,0,0,0,1,0,0,0,1,0,0,1,0,0,0,0,0,0,0
"26512031989","265","German Democratic Republic","1989","12","3","coup",0,1,0,0,0,0,0,1,0,0,0,0,0,0,1,0,0,0,0,0,0,0
"45210031961","452","Ghana","1961","10","3","conspiracy",1,0,1,0,0,1,0,0,0,0,0,0,0,0,1,0,0,0,0,0,0,0
"45202241966","452","Ghana","1966","2","24","coup",0,1,0,0,1,0,0,0,0,0,0,0,0,0,1,0,0,0,0,0,0,0
"45201231967","452","Ghana","1967","1","23","conspiracy",1,0,1,0,0,1,0,0,0,0,0,0,0,0,1,0,0,0,0,0,0,0
"45204171967","452","Ghana","1967","4","17","attempted",1,0,0,1,1,0,0,0,0,0,0,0,1,0,1,0,0,0,0,0,0,0
"45201131972","452","Ghana","1972","1","13","coup",0,1,0,0,1,0,0,0,0,0,0,0,0,0,1,0,0,0,0,0,0,0
"45201151972","452","Ghana","1972","1","15","conspiracy",1,0,1,0,0,1,0,0,0,0,0,0,0,0,1,0,0,0,0,0,0,0
"45207051978","452","Ghana","1978","7","5","coup",0,1,0,0,1,0,0,1,0,0,0,0,0,0,0,0,1,1,0,0,0,0
"45205151979","452","Ghana","1979","5","15","attempted",1,0,0,1,1,0,0,0,0,0,0,0,0,0,1,0,0,0,0,0,0,0
"45206041979","452","Ghana","1979","6","4","coup",0,1,0,0,1,0,0,0,0,0,0,0,0,0,0,0,1,0,0,0,0,0
"45212311981","452","Ghana","1981","12","31","coup",0,1,0,0,1,0,0,0,0,0,0,0,0,0,1,0,0,0,0,0,0,0
"45211231982","452","Ghana","1982","11","23","attempted",1,0,0,1,0,1,0,0,0,0,0,0,0,0,1,0,0,0,0,0,0,0
"45206191983","452","Ghana","1983","6","19","attempted",1,0,0,1,0,1,0,0,0,0,0,0,0,0,1,0,0,0,0,0,0,0
"45203231984","452","Ghana","1984","3","23","attempted",1,0,0,1,0,1,0,0,0,0,0,0,0,0,1,0,0,0,0,0,0,0
"35005311951","350","Greece","1951","5","31","attempted",1,0,0,1,1,0,0,0,0,0,0,0,0,0,1,0,0,0,0,0,0,0
"35004211967","350","Greece","1967","4","21","coup",0,1,0,0,1,0,0,0,0,0,0,0,0,0,1,0,0,0,0,0,0,0
"35012131967","350","Greece","1967","12","13","attempted",1,0,0,1,0,0,0,1,0,0,0,0,0,0,1,0,0,0,0,0,1,1
"35005241973","350","Greece","1973","5","24","attempted",1,0,0,1,1,1,0,0,0,0,0,0,0,0,1,0,0,0,0,0,0,0
"35011251973","350","Greece","1973","11","25","coup",0,1,0,0,1,0,0,0,0,0,0,1,0,0,1,0,0,1,0,0,0,0
"35002251975","350","Greece","1975","2","24","conspiracy",1,0,1,0,1,0,0,0,0,0,0,0,0,0,1,0,0,0,0,0,0,0
"5503131979","55","Grenada","1979","3","13","coup",0,1,0,0,0,0,0,0,0,0,0,1,0,0,1,0,0,0,0,0,0,0
"5510141983","55","Grenada","1983","10","14","coup",0,1,0,0,0,0,0,1,0,0,0,0,0,0,0,0,1,1,0,0,0,0
"5510191983","55","Grenada","1983","10","19","coup",0,1,0,0,1,0,0,1,0,0,0,0,0,0,0,0,1,0,0,0,0,0
"5510311983","55","Grenada","1983","10","31","coup",0,1,0,0,0,0,0,0,1,0,0,0,0,0,1,0,0,0,1,0,0,0
"9006261946","90","Guatemala","1946","6","26","attempted",1,0,0,1,1,0,0,0,0,0,0,0,0,0,1,0,0,0,0,0,0,0
"9007091949","90","Guatemala","1949","7","9","attempted",1,0,0,1,1,0,0,0,0,0,0,0,0,0,1,0,0,0,0,0,0,0
"9011061950","90","Guatemala","1950","11","6","attempted",1,0,0,1,0,1,0,0,0,0,0,0,0,0,1,0,0,0,0,0,0,0
"9006271954","90","Guatemala","1954","6","27","coup",0,1,0,0,1,0,0,0,0,0,1,0,0,0,1,0,0,0,0,0,0,1
"9006291954","90","Guatemala","1954","6","29","coup",0,1,0,0,0,0,0,1,0,0,0,0,0,0,1,0,0,0,0,0,0,1
"9001201955","90","Guatemala","1955","1","20","attempted",1,0,0,1,1,1,0,0,0,0,0,0,0,0,1,0,0,0,0,0,0,0
"9005201955","90","Guatemala","1955","5","18","conspiracy",1,0,1,0,1,1,0,0,0,0,0,0,0,0,1,0,0,0,0,0,0,0
"9010241957","90","Guatemala","1957","10","24","coup",0,1,0,0,1,0,0,0,0,0,0,0,0,0,1,0,0,0,0,0,0,0
"9011131960","90","Guatemala","1960","11","13","attempted",1,0,0,1,1,0,0,0,0,0,0,0,0,0,1,0,0,0,0,0,0,0
"9011251962","90","Guatemala","1962","11","25","attempted",1,0,0,1,1,0,0,0,1,0,0,0,0,0,1,0,0,0,0,0,0,0
"9003301963","90","Guatemala","1963","3","30","coup",0,1,0,0,1,0,0,0,0,0,0,0,0,0,1,0,0,0,0,0,0,0
"9003231982","90","Guatemala","1982","3","23","coup",0,1,0,0,1,0,0,0,0,0,0,0,0,0,1,0,0,0,0,0,0,0
"9008141982","90","Guatemala","1982","8","13","conspiracy",1,0,1,0,0,1,0,0,0,0,0,0,0,0,1,0,0,0,0,0,0,0
"9008081983","90","Guatemala","1983","8","8","coup",0,1,0,0,1,1,0,0,0,0,0,0,0,0,1,0,0,0,0,0,0,0
"9005111988","90","Guatemala","1988","5","11","attempted",1,0,0,1,1,0,0,0,0,0,1,0,0,0,1,0,0,0,0,0,0,0
"9005091989","90","Guatemala","1989","5","9","attempted",1,0,0,1,1,0,0,0,0,0,0,0,0,0,1,0,0,0,0,0,0,0
"9005251993","90","Guatemala","1993","5","25","attempted",1,0,0,1,0,0,0,0,0,1,0,0,0,0,1,0,0,0,0,0,0,0
"43811091965","438","Guinea","1965","11","9","conspiracy",1,0,1,0,0,1,0,0,0,0,0,0,0,0,1,0,0,0,0,0,0,0
"43803101969","438","Guinea","1969","3","10","conspiracy",1,0,1,0,1,0,0,0,1,0,1,0,0,0,1,0,0,0,0,0,0,0
"43811221970","438","Guinea","1970","11","22","attempted",1,0,0,1,0,1,0,0,1,0,0,0,0,0,1,0,0,0,0,0,0,0
"43804031984","438","Guinea","1984","4","3","coup",0,1,0,0,1,0,0,0,0,0,0,0,0,0,1,0,0,0,0,0,0,1
"43807041985","438","Guinea","1985","7","4","attempted",1,0,0,1,0,1,0,0,0,0,0,0,0,0,1,0,0,0,0,0,0,0
"43802021996","438","Guinea","1996","2","2","attempted",1,0,0,1,1,0,0,0,0,0,0,0,0,0,1,0,0,0,0,0,0,0
"40411141980","404","Guinea-Bissau","1980","11","14","coup",0,1,0,0,1,0,0,1,0,0,0,0,0,0,1,0,0,0,1,0,0,0
"40411071985","404","Guinea-Bissau","1985","11","7","conspiracy",1,0,1,0,0,0,0,1,0,0,0,0,0,0,1,0,0,0,0,0,0,0
"40406071998","404","Guinea-Bissau","1998","6","7","attempted",1,0,0,1,1,0,0,0,0,0,0,0,0,0,1,0,0,0,0,0,0,0
"40405071999","404","Guinea-Bissau","1999","5","7","coup",0,1,0,0,1,0,1,0,0,0,0,0,0,0,1,0,0,0,0,0,1,0
"40411232000","404","Guinea-Bissau","2000","11","23","attempted",1,0,0,1,1,0,0,0,0,0,0,0,0,0,1,0,0,0,0,0,0,0
"40412022001","404","Guinea-Bissau","2001","12","2","conspiracy",1,0,1,0,0,1,0,0,0,0,0,0,0,0,1,0,0,0,0,0,0,0
"40409142003","404","Guinea-Bissau","2003","9","14","coup",0,1,0,0,1,0,0,0,0,0,0,0,0,0,1,0,0,1,0,0,0,0
"40405252005","404","Guinea-Bissau","2005","5","25","attempted",1,0,0,1,0,0,0,0,0,0,0,0,1,0,1,0,0,0,0,0,0,0
"11012241983","110","Guyana","1983","12","24","conspiracy",1,0,1,0,0,1,0,0,0,0,0,0,0,0,1,0,0,0,0,0,0,0
"4101111946","41","Haiti","1946","1","11","coup",0,1,0,0,1,0,0,0,0,0,0,1,0,0,1,0,0,0,0,0,1,0
"4105101950","41","Haiti","1950","5","10","coup",0,1,0,0,1,0,0,0,0,0,1,1,0,0,1,0,0,0,0,0,0,1
"4112121956","41","Haiti","1956","12","12","coup",0,1,0,0,0,0,0,0,0,0,1,1,0,0,1,0,0,0,0,0,1,0
"4102071957","41","Haiti","1957","2","7","coup",0,1,0,0,0,0,0,0,0,0,1,1,0,0,1,0,0,0,0,0,0,0
"4104021957","41","Haiti","1957","4","2","coup",0,1,0,0,1,0,0,0,0,0,0,1,0,0,1,0,0,1,0,0,0,0
"4105211957","41","Haiti","1957","5","21","coup",0,1,0,0,1,0,0,0,0,0,0,1,0,0,1,0,0,0,0,0,0,0
"4105251957","41","Haiti","1957","5","25","attempted",1,0,0,1,1,1,0,0,0,0,0,0,0,0,1,0,0,0,0,0,0,0
"4106141957","41","Haiti","1957","6","14","coup",0,1,0,0,1,0,0,0,0,0,1,0,0,0,1,0,0,0,0,0,0,1
"4107281958","41","Haiti","1958","7","28","attempted",1,0,0,1,1,1,0,0,0,0,0,0,0,0,1,0,0,0,0,0,0,0
"4108071963","41","Haiti","1963","8","7","attempted",1,0,0,1,0,1,0,0,0,0,0,0,0,0,1,0,0,0,0,0,0,0
"4106141964","41","Haiti","1964","6","14","coup",0,1,0,0,0,0,0,0,0,1,0,0,0,0,1,0,0,0,0,0,0,0
"4105201968","41","Haiti","1968","5","20","attempted",1,0,0,1,0,0,1,0,0,0,0,0,0,0,1,0,0,0,0,0,0,0
"4104241970","41","Haiti","1970","4","24","attempted",1,0,0,1,1,0,0,0,0,0,0,0,0,0,1,0,0,0,0,0,0,0
"4106011984","41","Haiti","1984","6","1","conspiracy",1,0,1,0,0,1,0,0,0,0,0,0,0,0,1,0,0,0,0,0,0,0
"4102071986","41","Haiti","1986","2","7","coup",0,1,0,0,0,0,0,0,0,0,0,1,0,0,1,0,0,0,0,0,1,0
"4106201988","41","Haiti","1988","6","20","coup",0,1,0,0,1,0,0,0,0,0,0,0,0,0,1,0,0,0,0,0,0,0
"4109171988","41","Haiti","1988","9","17","coup",0,1,0,0,1,0,0,0,0,0,0,0,0,0,1,0,0,0,0,0,0,1
"4104021989","41","Haiti","1989","4","2","attempted",1,0,0,1,1,0,0,0,0,0,0,0,0,0,1,0,0,0,0,0,0,0
"4103101990","41","Haiti","1990","3","10","coup",0,1,0,0,0,0,0,0,0,0,0,1,0,0,1,0,0,0,0,0,0,1
"4101061991","41","Haiti","1991","1","6","attempted",1,0,0,1,1,0,0,0,0,0,0,0,0,0,1,0,0,1,0,0,0,0
"4109301991","41","Haiti","1991","9","30","coup",0,1,0,0,1,0,0,0,1,0,0,0,0,0,1,0,0,0,0,0,0,1
"4110141994","41","Haiti","1994","10","14","coup",0,1,0,0,0,0,0,0,0,0,0,0,0,0,1,0,0,0,0,0,0,0
"4110162000","41","Haiti","2000","10","16","attempted",1,0,0,1,0,1,0,0,0,0,0,0,0,0,1,0,0,0,0,0,0,0
"4103012004","41","Haiti","2004","3","1","coup",0,1,0,0,0,0,0,0,1,0,0,1,0,0,1,0,0,0,0,0,0,1
"9108011956","91","Honduras","1956","8","1","attempted",1,0,0,1,1,1,0,0,0,0,0,0,0,0,1,0,0,0,0,0,0,0
"9110211956","91","Honduras","1956","10","21","coup",0,1,0,0,1,0,0,0,0,0,0,0,0,0,1,0,0,0,0,0,0,0
"9107071957","91","Honduras","1957","7","7","coup",0,1,0,0,0,0,0,1,0,0,0,0,0,0,1,0,0,0,0,0,0,0
"9107121959","91","Honduras","1959","7","12","attempted",1,0,0,1,0,1,0,0,0,0,0,0,0,0,1,0,0,0,0,0,0,0
"9110031963","91","Honduras","1963","10","3","coup",0,1,0,0,1,0,0,0,0,0,0,0,0,0,1,0,0,0,0,0,0,0
"9112041972","91","Honduras","1972","12","4","coup",0,1,0,0,1,0,0,0,0,0,0,0,0,0,1,0,0,0,0,0,0,0
"9104221975","91","Honduras","1975","4","22","coup",0,1,0,0,1,0,0,0,0,0,0,0,0,0,1,0,0,0,0,0,0,0
"9110211977","91","Honduras","1977","10","21","attempted",1,0,0,1,1,0,0,0,0,0,0,0,0,0,1,0,0,0,0,0,0,0
"9108071978","91","Honduras","1978","8","7","coup",0,1,0,0,1,0,0,0,0,0,0,0,0,0,1,0,0,0,0,0,0,0
"31012311946","310","Hungary","1946","12","31","conspiracy",1,0,1,0,1,0,0,0,0,0,0,0,0,0,1,0,0,0,0,0,0,0
"31005311947","310","Hungary","1947","5","31","coup",0,1,0,0,0,1,0,1,0,0,1,0,0,0,1,0,0,0,0,0,0,0
"31006161949","310","Hungary","1949","6","16","conspiracy",1,0,1,0,0,1,0,0,0,0,0,0,0,0,1,0,0,0,0,0,0,0
"31007151956","310","Hungary","1956","7","15","coup",0,1,0,0,0,0,0,1,1,0,0,0,0,0,1,0,0,0,0,0,0,1
"31011041956","310","Hungary","1956","11","4","coup",0,1,0,0,0,0,0,1,1,0,0,0,0,0,1,0,0,0,0,0,0,1
"31005221988","310","Hungary","1988","5","22","coup",0,1,0,0,0,0,0,0,0,0,0,0,0,0,1,0,0,0,0,0,0,0
"85010171952","850","Indonesia","1952","10","17","attempted",1,0,0,1,1,0,0,0,0,0,0,0,0,0,1,0,0,0,0,0,0,0
"85005081957","850","Indonesia","1957","5","8","conspiracy",1,0,1,0,1,0,0,0,0,0,0,0,0,0,1,0,0,0,0,0,0,0
"85002151958","850","Indonesia","1958","2","15","attempted",1,0,0,1,0,0,1,0,0,0,0,1,0,0,1,0,0,0,0,0,0,0
"85010011965","850","Indonesia","1965","10","1","attempted",1,0,0,1,1,0,0,0,0,0,0,0,0,0,1,0,0,0,0,0,0,0
"85003121966","850","Indonesia","1966","3","12","coup",0,1,0,0,1,0,0,0,0,0,1,0,0,0,1,0,0,0,0,0,0,0
"85005211998","850","Indonesia","1998","5","21","coup",0,1,0,0,0,0,0,0,0,0,1,1,0,0,1,0,0,0,0,0,1,0
"85007232001","850","Indonesia","2001","7","23","attempted",1,0,0,1,0,0,0,0,0,1,0,0,0,0,0,0,0,0,0,0,0,0
"63008151953","630","Iran","1953","8","15","attempted",1,0,0,1,1,0,0,0,1,0,0,0,0,0,1,0,0,0,0,0,0,0
"63008191953","630","Iran","1953","8","19","coup",0,1,0,0,1,0,0,0,1,0,0,1,0,0,1,0,0,0,0,0,0,0
"63001161979","630","Iran","1979","1","16","coup",0,1,0,0,0,0,0,0,0,0,0,1,0,0,1,0,0,0,0,0,1,0
"63002111979","630","Iran","1979","2","11","coup",0,1,0,0,0,0,0,0,0,0,0,1,0,0,1,0,0,0,0,0,1,0
"63001161980","630","Iran","1980","1","16","conspiracy",1,0,1,0,0,1,0,0,0,0,0,0,0,0,1,0,0,0,0,0,0,0
"63006191980","630","Iran","1980","6","19","conspiracy",1,0,1,0,0,1,0,0,0,0,0,0,0,0,1,0,0,0,0,0,0,0
"63007101980","630","Iran","1980","7","10","attempted",1,0,0,1,1,1,0,0,0,0,0,0,0,0,1,0,0,0,0,0,0,0
"63006221981","630","Iran","1981","6","22","coup",0,1,0,0,0,0,0,0,0,1,0,0,0,0,1,0,0,0,0,0,0,0
"63004201982","630","Iran","1982","4","20","conspiracy",1,0,1,0,0,1,0,0,0,0,0,0,0,0,1,0,0,0,0,0,0,0
"64507141958","645","Iraq","1958","7","14","coup",0,1,0,0,1,0,0,0,0,0,0,0,0,0,0,0,1,0,0,0,0,0
"64512081958","645","Iraq","1958","12","8","conspiracy",1,0,1,0,0,1,0,0,0,0,1,0,0,0,1,0,0,0,0,0,0,0
"64503071959","645","Iraq","1959","3","7","attempted",1,0,0,1,1,0,0,0,0,0,0,0,0,0,1,0,0,0,0,0,0,0
"64502081963","645","Iraq","1963","2","8","coup",0,1,0,0,1,0,0,0,0,0,0,0,0,0,0,0,1,0,0,0,0,0
"64511131963","645","Iraq","1963","11","13","attempted",1,0,0,1,1,0,0,0,0,0,0,0,0,0,1,0,0,0,0,0,0,0
"64511181963","645","Iraq","1963","11","18","coup",0,1,0,0,1,0,0,0,0,1,0,0,0,0,1,0,0,0,0,0,0,0
"64509051964","645","Iraq","1964","9","5","attempted",1,0,0,1,1,0,0,0,0,0,0,0,0,0,1,0,0,0,0,0,0,0
"64509161965","645","Iraq","1965","9","16","attempted",1,0,0,1,1,0,0,0,0,0,0,0,0,0,1,0,0,0,0,0,0,0
"64506301966","645","Iraq","1966","6","30","attempted",1,0,0,1,1,0,0,0,0,0,0,0,0,0,1,0,0,0,0,0,0,0
"64507171968","645","Iraq","1968","7","17","coup",0,1,0,0,0,0,0,0,0,0,1,0,0,0,1,0,0,0,0,0,0,1
"64510061968","645","Iraq","1968","10","6","attempted",1,0,0,1,1,0,0,0,0,0,0,0,0,0,1,0,0,0,0,0,0,0
"64501201970","645","Iraq","1970","1","20","attempted",1,0,0,1,1,1,0,0,0,0,0,0,0,0,1,0,0,0,0,0,0,0
"64506301973","645","Iraq","1973","6","30","attempted",1,0,0,1,1,0,0,0,0,0,0,0,0,0,1,0,0,0,0,0,0,0
"64507281979","645","Iraq","1979","7","28","attempted",1,0,0,1,1,0,0,1,0,0,0,0,0,0,1,0,0,0,0,0,0,0
"64503051995","645","Iraq","1995","3","5","attempted",1,0,0,1,1,0,0,0,0,0,0,0,0,0,1,0,0,0,0,0,0,0
"64505141995","645","Iraq","1995","5","14","attempted",1,0,0,1,1,0,0,0,0,0,0,0,0,0,1,0,0,0,0,0,0,0
"64506151995","645","Iraq","1995","6","15","attempted",1,0,0,1,1,0,0,0,0,0,0,0,0,0,1,0,0,0,0,0,0,0
"32506221947","325","Italy","1947","6","22","conspiracy",1,0,1,0,0,1,0,0,0,0,0,0,0,0,1,0,0,0,0,0,0,0
"32510141993","325","Italy","1993","10","14","conspiracy",1,0,1,0,1,0,0,0,0,0,0,0,0,0,1,0,0,0,0,0,0,0
"5106191980","51","Jamaica","1980","6","19","conspiracy",1,0,1,0,1,1,0,0,0,0,0,0,0,0,1,0,0,0,0,0,0,0
"66304141957","663","Jordan","1957","4","14","attempted",1,0,0,1,1,0,0,0,0,0,0,0,0,0,1,0,0,0,0,0,0,0
"66307011958","663","Jordan","1958","7","1","conspiracy",1,0,1,0,1,0,0,0,1,0,0,0,0,0,1,0,0,0,0,0,0,0
"66303201959","663","Jordan","1959","3","20","conspiracy",1,0,1,0,1,0,0,0,0,0,0,0,0,0,1,0,0,0,0,0,0,0
"66309011970","663","Jordan","1970","9","1","attempted",1,0,0,1,0,0,1,0,0,0,0,0,0,0,1,0,0,0,0,0,0,0
"50108011982","501","Kenya","1982","8","1","attempted",1,0,0,1,1,0,0,0,0,0,0,0,0,0,1,0,0,0,0,0,0,0
"70303242005","703","Kyrgyz Republic","2005","3","24","coup",0,1,0,0,0,0,0,0,0,0,0,1,0,0,1,0,0,0,0,0,1,0
"81212311959","812","Laos","1959","12","31","coup",0,1,0,0,1,0,0,0,0,0,1,0,0,0,1,0,0,0,0,0,0,0
"81208091960","812","Laos","1960","8","9","coup",0,1,0,0,1,0,0,0,0,0,0,0,0,0,1,0,0,1,0,0,0,0
"81212081960","812","Laos","1960","12","8","coup",0,1,0,0,1,0,0,0,0,0,0,0,0,0,1,0,0,0,0,0,1,0
"81212131960","812","Laos","1960","12","13","coup",0,1,0,0,1,0,0,0,0,0,1,0,0,0,1,0,0,0,0,0,0,0
"81204191964","812","Laos","1964","4","19","coup",0,1,0,0,1,0,0,0,1,0,0,0,0,0,1,0,0,0,0,0,0,0
"81201311965","812","Laos","1965","1","31","attempted",1,0,0,1,1,0,0,0,0,0,0,0,0,0,1,0,0,0,0,0,0,0
"81204161965","812","Laos","1965","4","16","attempted",1,0,0,1,0,1,0,0,0,0,0,0,0,0,1,0,0,0,0,0,0,0
"81210211966","812","Laos","1966","10","21","attempted",1,0,0,1,1,0,0,0,0,0,0,0,0,0,1,0,0,0,0,0,0,0
"81208201973","812","Laos","1973","8","20","attempted",1,0,0,1,1,1,0,0,0,0,0,0,0,0,1,0,0,0,0,0,0,0
"81208241975","812","Laos","1975","8","24","coup",0,1,0,0,0,0,1,0,0,0,1,0,0,0,1,0,0,0,0,0,0,0
"81212021975","812","Laos","1975","12","2","coup",0,1,0,0,0,0,1,0,0,0,1,0,0,0,1,0,0,0,0,0,0,0
"66007071949","660","Lebanon","1949","7","7","attempted",1,0,0,1,0,1,0,0,0,0,0,0,0,0,1,0,0,0,0,0,0,0
"66012311961","660","Lebanon","1961","12","31","attempted",1,0,0,1,0,1,0,0,0,0,0,0,0,0,1,0,0,0,0,0,0,0
"66003161976","660","Lebanon","1976","3","12","attempted",1,0,0,1,1,0,0,0,0,0,0,0,0,0,1,0,0,0,0,0,0,0
"57001301970","570","Lesotho","1970","1","30","coup",0,1,0,0,0,0,0,0,0,1,0,0,0,0,1,0,0,0,0,0,0,0
"57001071974","570","Lesotho","1974","1","7","attempted",1,0,0,1,0,1,0,0,0,0,0,0,0,0,1,0,0,0,0,0,0,0
"57001201986","570","Lesotho","1986","1","20","coup",0,1,0,0,1,0,0,0,0,0,0,0,0,0,1,0,0,1,0,0,0,0
"57002191990","570","Lesotho","1990","2","19","conspiracy",1,0,1,0,1,0,0,0,0,0,0,0,0,0,1,0,0,0,0,0,0,0
"57011121990","570","Lesotho","1990","11","12","coup",0,1,0,0,0,0,0,0,0,1,0,0,0,0,0,0,0,0,0,0,0,0
"57004301991","570","Lesotho","1991","4","30","coup",0,1,0,0,1,0,0,0,0,0,0,0,0,0,1,0,0,0,1,0,0,0
"57008171994","570","Lesotho","1994","8","17","coup",0,1,0,0,0,0,0,0,0,1,0,0,0,0,1,0,0,0,0,0,0,0
"57002291996","570","Lesotho","1996","2","29","attempted",1,0,0,1,0,1,0,0,0,0,0,0,0,0,1,0,0,0,0,0,0,0
"45002051963","450","Liberia","1963","2","5","attempted",1,0,0,1,1,1,0,0,0,0,0,0,0,0,1,0,0,0,0,0,0,0
"45003071980","450","Liberia","1980","3","7","attempted",1,0,0,1,0,1,0,0,0,0,0,0,0,0,1,0,0,0,0,0,0,0
"45004121980","450","Liberia","1980","4","12","coup",0,1,0,0,1,0,0,0,0,0,0,0,0,0,0,0,1,0,0,0,0,0
"45008191984","450","Liberia","1984","8","19","conspiracy",1,0,1,0,1,1,0,0,0,0,0,0,0,0,1,0,0,0,0,0,0,0
"45004011985","450","Liberia","1985","4","1","attempted",1,0,0,1,0,1,0,0,0,0,0,0,0,0,1,0,0,0,0,0,0,0
"45011121985","450","Liberia","1985","11","12","attempted",1,0,0,1,1,0,0,1,0,0,0,0,0,0,1,0,0,0,0,0,0,0
"45009041986","450","Liberia","1986","9","4","conspiracy",1,0,1,0,0,1,0,0,1,0,0,0,0,0,1,0,0,0,0,0,0,0
"45003221988","450","Liberia","1988","3","22","conspiracy",1,0,1,0,0,1,0,0,0,0,0,0,0,0,1,0,0,0,0,0,0,0
"45009091990","450","Liberia","1990","9","9","coup",0,1,0,0,0,0,1,0,0,0,0,0,0,0,0,0,1,0,0,0,0,0
"45011221990","450","Liberia","1990","11","22","coup",0,1,0,0,0,0,0,0,0,0,0,0,0,0,1,0,0,0,0,0,0,0
"45009071994","450","Liberia","1994","9","7","coup",0,1,0,0,0,0,0,1,0,0,0,0,0,0,1,0,0,0,0,0,0,0
"45009151994","450","Liberia","1994","9","15","attempted",1,0,0,1,0,0,1,0,0,0,0,0,0,0,1,0,0,0,0,0,0,0
"45006042003","450","Liberia","2003","6","4","conspiracy",1,0,1,0,0,0,0,1,1,0,0,0,0,0,1,0,0,0,0,0,0,0
"62009011969","620","Libya","1969","9","1","coup",0,1,0,0,1,0,0,0,0,0,0,0,0,0,1,0,0,0,0,0,1,0
"62012101969","620","Libya","1969","12","10","conspiracy",1,0,1,0,1,0,0,1,1,0,0,0,0,0,1,0,0,0,0,0,0,0
"62008051975","620","Libya","1975","8","5","attempted",1,0,0,1,1,0,0,0,0,0,0,0,0,0,1,0,0,0,0,0,0,0
"62008141975","620","Libya","1975","8","14","attempted",1,0,0,1,1,0,0,1,0,0,0,0,0,0,1,0,0,0,0,0,0,0
"62004141986","620","Libya","1986","4","14","attempted",1,0,0,1,1,0,0,0,1,0,0,0,0,0,1,0,0,0,0,0,0,0
"62010231993","620","Libya","1993","10","23","attempted",1,0,0,1,1,0,0,0,0,0,0,0,0,0,1,0,0,0,0,0,0,0
"21208021946","212","Luxembourg","1946","8","2","conspiracy",1,0,1,0,1,1,0,0,0,0,0,0,0,0,1,0,0,0,0,0,0,0
"58005091972","580","Madagascar","1972","5","9","coup",0,1,0,0,0,0,0,0,0,0,0,1,0,0,1,0,0,0,0,0,0,0
"58010111972","580","Madagascar","1972","10","11","coup",0,1,0,0,0,0,0,0,0,0,1,0,0,0,1,0,0,0,0,0,0,0
"58012311974","580","Madagascar","1974","12","31","attempted",1,0,0,1,1,0,0,0,0,0,0,0,0,0,1,0,0,0,0,0,0,0
"58002051975","580","Madagascar","1975","2","5","coup",0,1,0,0,0,0,0,0,0,0,0,0,0,0,1,0,0,0,0,0,0,0
"58001241982","580","Madagascar","1982","1","24","conspiracy",1,0,1,0,1,1,0,0,0,0,0,0,0,0,1,0,0,0,0,0,0,0
"58007241989","580","Madagascar","1989","7","24","attempted",1,0,0,1,0,1,0,0,0,0,0,0,0,0,1,0,0,0,0,0,0,0
"58005131990","580","Madagascar","1990","5","13","attempted",1,0,0,1,0,1,0,0,0,0,0,0,0,0,1,0,0,0,0,0,0,0
"55303262001","553","Malawi","2001","3","26","conspiracy",1,0,1,0,0,1,0,0,0,0,0,0,0,1,1,0,0,0,0,0,0,0
"82003011965","820","Malaysia","1965","3","1","conspiracy",1,0,1,0,0,1,0,0,1,0,0,0,0,0,1,0,0,0,0,0,0,0
"82005171969","820","Malaysia","1969","5","17","coup",0,1,0,0,0,0,0,0,0,0,0,1,0,0,1,0,0,0,0,0,0,0
"82011191985","820","Malaysia","1985","11","19","conspiracy",1,0,1,0,0,1,0,0,0,0,0,0,0,0,1,0,0,0,0,0,0,0
"78104261980","781","Maldives","1980","4","26","attempted",1,0,0,1,0,1,0,0,0,0,0,0,0,0,1,0,0,0,0,0,0,0
"78109101983","781","Maldives","1983","9","10","conspiracy",1,0,1,0,0,0,0,0,0,0,0,0,0,1,0,0,0,0,0,0,0,0
"78111031988","781","Maldives","1988","11","3","attempted",1,0,0,1,0,1,0,0,0,0,0,0,0,0,1,0,0,0,0,0,1,0
"43211191968","432","Mali","1968","11","19","coup",0,1,0,0,1,0,0,0,0,0,0,0,0,0,1,0,0,0,1,0,0,0
"43208121969","432","Mali","1969","8","12","attempted",1,0,0,1,0,0,0,0,0,0,0,0,0,1,1,0,0,0,0,0,0,0
"43204071971","432","Mali","1971","4","7","conspiracy",1,0,1,0,0,0,0,1,0,0,0,0,0,0,1,0,0,0,0,0,0,0
"43202281978","432","Mali","1978","2","28","conspiracy",1,0,1,0,1,1,0,1,0,0,0,0,0,0,1,0,0,0,0,0,0,0
"43203261991","432","Mali","1991","3","26","coup",0,1,0,0,1,0,0,0,0,0,0,1,0,0,1,0,0,0,1,0,0,0
"43207141991","432","Mali","1991","7","14","attempted",1,0,0,1,1,0,0,0,0,0,0,0,0,0,1,0,0,0,0,0,0,0
"43212091993","432","Mali","1993","12","9","conspiracy",1,0,1,0,1,0,0,0,0,0,0,0,0,0,1,0,0,0,0,0,0,0
"43210271996","432","Mali","1996","10","27","conspiracy",1,0,1,0,0,1,0,0,0,0,0,0,0,0,1,0,0,0,0,0,0,0
"43507101978","435","Mauritania","1978","7","10","coup",0,1,0,0,1,0,0,0,0,0,0,0,0,0,1,0,0,0,1,0,0,0
"43504061979","435","Mauritania","1979","4","6","coup",0,1,0,0,0,0,0,1,0,0,0,0,0,0,1,0,0,0,0,0,0,0
"43501041980","435","Mauritania","1980","1","4","coup",0,1,0,0,0,0,0,1,0,0,0,0,0,0,1,0,0,0,0,0,0,0
"43503161981","435","Mauritania","1981","3","16","attempted",1,0,0,1,0,1,0,0,1,0,0,0,0,0,1,0,0,0,0,0,0,0
"43502061982","435","Mauritania","1982","2","6","attempted",1,0,0,1,0,1,0,0,0,0,0,0,1,0,1,0,0,0,0,0,0,0
"43512121984","435","Mauritania","1984","12","12","coup",0,1,0,0,0,0,0,0,0,0,0,0,0,0,1,0,0,0,1,0,0,0
"43510221987","435","Mauritania","1987","10","22","conspiracy",1,0,1,0,1,1,0,0,0,0,0,0,0,0,1,0,0,0,0,0,0,0
"43506082003","435","Mauritania","2003","6","8","attempted",1,0,0,1,1,1,0,0,0,0,0,0,0,0,1,0,0,0,0,0,0,0
"43508102004","435","Mauritania","2004","8","10","conspiracy",1,0,1,0,1,0,0,0,0,0,0,0,0,0,1,0,0,0,0,0,0,0
"43509272004","435","Mauritania","2004","9","27","conspiracy",1,0,1,0,0,1,0,0,1,0,0,0,0,0,1,0,0,0,0,0,0,0
"43508032005","435","Mauritania","2005","8","3","coup",0,1,0,0,1,0,0,0,0,0,0,0,0,0,1,0,0,0,0,0,0,1
"7003161971","70","Mexico","1971","3","16","conspiracy",1,0,1,0,0,1,0,0,0,0,0,0,0,0,1,0,0,0,0,0,0,0
"71208231984","712","Mongolia","1984","8","23","coup",0,1,0,0,0,1,0,0,0,0,0,0,0,0,1,0,0,0,0,0,0,0
"71203121990","712","Mongolia","1990","3","12","coup",0,1,0,0,0,0,0,0,0,0,1,1,0,0,1,0,0,0,0,0,0,0
"60007201963","600","Morocco","1963","7","20","conspiracy",1,0,1,0,0,1,0,0,0,0,0,0,0,0,1,0,0,0,0,0,0,0
"60007101971","600","Morocco","1971","7","10","attempted",1,0,0,1,1,0,0,0,1,0,0,0,0,0,1,0,0,1,0,0,0,0
"60008161972","600","Morocco","1972","8","16","attempted",1,0,0,1,1,0,0,0,0,0,0,0,0,0,1,0,0,0,0,0,0,0
"54112171975","541","Mozambique","1975","12","17","attempted",1,0,0,1,0,0,0,0,0,0,0,0,0,0,1,0,0,0,0,0,0,0
"54106241991","541","Mozambique","1991","6","24","conspiracy",1,0,1,0,1,1,0,0,0,0,0,0,0,0,1,0,0,0,0,0,0,0
"77508091948","775","Myanmar","1948","8","9","attempted",1,0,0,1,1,0,1,0,0,0,0,0,0,0,1,0,0,0,0,0,0,0
"77509261958","775","Myanmar","1958","9","26","coup",0,1,0,0,1,0,0,0,0,0,1,0,0,0,1,0,0,0,0,0,0,0
"77503021962","775","Myanmar","1962","3","2","coup",0,1,0,0,1,0,0,0,0,0,0,0,0,0,1,0,0,0,0,0,0,0
"77508121988","775","Myanmar","1988","8","12","coup",0,1,0,0,0,0,0,0,0,0,1,1,0,0,1,0,0,0,0,0,0,0
"77509181988","775","Myanmar","1988","9","18","coup",0,1,0,0,0,0,0,0,0,0,1,1,0,0,1,0,0,0,0,0,0,0
"77504231992","775","Myanmar","1992","4","23","coup",0,1,0,0,0,0,0,1,0,0,1,0,0,0,1,0,0,0,0,0,0,0
"77503072002","775","Myanmar","2002","3","7","conspiracy",1,0,1,0,0,1,0,0,0,0,0,0,0,0,1,0,0,0,0,0,0,0
"79012151960","790","Nepal","1960","12","15","coup",0,1,0,0,0,0,0,0,0,1,0,0,0,0,1,0,0,0,0,0,0,0
"79010042002","790","Nepal","2002","10","4","coup",0,1,0,0,0,0,0,0,0,1,0,0,0,0,1,0,0,0,0,0,0,0
"79002012005","790","Nepal","2005","2","1","coup",0,1,0,0,0,0,0,0,0,1,0,0,0,0,0,0,0,0,0,0,0,0
"9305251947","93","Nicaragua","1947","5","25","coup",0,1,0,0,1,0,0,1,0,0,1,0,0,0,1,0,0,0,0,0,0,0
"9311051957","93","Nicaragua","1957","11","5","conspiracy",1,0,1,0,1,0,0,0,0,0,0,0,0,0,1,0,0,0,0,0,0,0
"9301221967","93","Nicaragua","1967","1","22","attempted",1,0,0,1,0,1,0,0,0,0,0,0,0,0,1,0,0,0,0,0,0,0
"9308281978","93","Nicaragua","1978","8","28","attempted",1,0,0,1,1,0,0,0,0,0,0,0,0,0,1,0,0,0,0,0,0,0
"9307171979","93","Nicaragua","1979","7","17","coup",0,1,0,0,0,0,1,0,0,0,1,0,0,0,1,0,0,0,0,0,1,0
"9311171980","93","Nicaragua","1980","11","17","attempted",1,0,0,1,0,0,0,0,0,0,0,0,0,0,1,0,0,0,0,0,0,0
"43604151974","436","Niger","1974","4","15","coup",0,1,0,0,1,0,0,0,0,0,0,0,0,0,1,0,0,1,1,0,0,0
"43608021975","436","Niger","1975","8","2","conspiracy",1,0,1,0,1,0,0,0,0,0,0,0,0,0,1,0,0,0,0,0,0,0
"43603151976","436","Niger","1976","3","15","attempted",1,0,0,1,1,0,0,0,0,0,0,0,0,0,1,0,0,0,0,0,0,0
"43610051983","436","Niger","1983","10","5","attempted",1,0,0,1,1,0,0,0,0,0,0,0,0,0,1,0,0,0,0,0,0,0
"43601271996","436","Niger","1996","1","27","coup",0,1,0,0,1,0,0,0,0,0,0,0,0,0,1,0,0,1,1,0,0,0
"43601021998","436","Niger","1998","1","2","conspiracy",1,0,1,0,0,1,0,0,0,0,0,0,0,0,1,0,0,0,0,0,0,0
"43604091999","436","Niger","1999","4","9","coup",0,1,0,0,1,0,0,0,0,0,0,0,0,0,0,0,1,0,0,0,0,0
"47510011962","475","Nigeria","1962","10","1","conspiracy",1,0,1,0,0,1,0,0,0,0,0,0,0,0,1,0,0,0,0,0,0,0
"47501151966","475","Nigeria","1966","1","15","coup",0,1,0,0,1,0,0,0,0,0,0,1,0,0,0,0,1,0,0,0,0,0
"47507291966","475","Nigeria","1966","7","29","coup",0,1,0,0,1,0,0,0,0,0,0,0,0,0,0,0,1,0,0,0,0,0
"47507291975","475","Nigeria","1975","7","29","coup",0,1,0,0,1,0,0,0,0,0,0,0,0,0,1,0,0,0,0,0,0,1
"47502131976","475","Nigeria","1976","2","13","attempted",1,0,0,1,1,0,0,0,0,0,0,0,0,0,0,0,1,0,0,0,0,0
"47512311983","475","Nigeria","1983","12","31","coup",0,1,0,0,1,0,0,0,0,0,0,0,0,0,1,0,0,0,1,0,0,0
"47508271985","475","Nigeria","1985","8","27","coup",0,1,0,0,0,0,0,1,0,0,0,0,0,0,1,0,0,1,0,0,0,0
"47512201985","475","Nigeria","1985","12","20","conspiracy",1,0,1,0,1,0,0,0,0,0,0,0,0,0,1,0,0,0,0,0,0,0
"47504221990","475","Nigeria","1990","4","22","attempted",1,0,0,1,1,0,0,0,0,0,0,0,0,0,1,0,0,0,0,0,0,0
"47508261993","475","Nigeria","1993","8","26","coup",0,1,0,0,0,0,0,0,0,0,1,1,0,0,1,0,0,0,0,0,0,0
"47511171993","475","Nigeria","1993","11","17","coup",0,1,0,0,1,0,0,1,0,0,0,0,0,0,1,0,0,0,0,0,0,0
"47503141995","475","Nigeria","1995","3","14","conspiracy",1,0,1,0,1,0,0,0,0,0,0,0,0,0,1,0,0,0,0,0,0,0
"47512221997","475","Nigeria","1997","12","22","conspiracy",1,0,1,0,1,0,0,1,0,0,0,0,0,0,1,0,0,0,0,0,0,0
"47503302004","475","Nigeria","2004","3","30","conspiracy",1,0,1,0,1,0,0,0,0,0,0,0,0,0,1,0,0,0,0,0,0,0
"69807231970","698","Oman","1970","7","23","coup",0,1,0,0,0,0,0,0,0,0,0,0,0,0,1,0,0,0,0,0,0,1
"69801262005","698","Oman","2005","1","26","conspiracy",1,0,1,0,0,1,0,0,0,0,0,0,0,0,1,0,0,0,0,0,0,0
"77003091951","770","Pakistan","1951","3","9","conspiracy",1,0,1,0,1,1,0,0,0,0,0,0,0,0,1,0,0,0,0,0,0,0
"77010071958","770","Pakistan","1958","10","7","coup",0,1,0,0,0,0,0,0,0,1,0,0,0,0,1,0,0,0,0,0,0,0
"77010271958","770","Pakistan","1958","10","27","coup",0,1,0,0,1,0,0,1,0,0,0,0,0,0,1,0,0,0,0,0,0,1
"77003251969","770","Pakistan","1969","3","25","coup",0,1,0,0,0,0,0,0,0,0,0,1,0,0,1,0,0,0,0,0,0,0
"77012201971","770","Pakistan","1971","12","20","coup",0,1,0,0,0,0,0,0,0,0,0,1,0,0,1,0,0,0,0,0,0,0
"77007051977","770","Pakistan","1977","7","5","coup",0,1,0,0,1,0,0,0,1,0,0,1,0,0,1,0,0,0,0,0,0,0
"77001021984","770","Pakistan","1984","1","2","attempted",1,0,0,1,1,0,0,0,0,0,0,0,0,0,1,0,0,0,0,0,0,0
"77010121999","770","Pakistan","1999","10","12","coup",0,1,0,0,1,0,0,0,0,0,0,0,0,0,1,0,0,1,0,1,0,1
"9511201949","95","Panama","1949","11","20","coup",0,1,0,0,0,0,0,0,0,0,1,0,0,0,1,0,0,0,0,0,0,0
"9505091951","95","Panama","1951","5","9","coup",0,1,0,0,0,0,0,1,0,0,1,0,0,0,1,0,0,0,1,0,0,0
"9504261959","95","Panama","1959","4","26","attempted",1,0,0,1,0,1,0,0,0,0,0,0,0,0,1,0,0,0,0,0,0,0
"9510111968","95","Panama","1968","10","11","coup",0,1,0,0,1,0,0,0,0,0,0,0,0,0,1,0,0,0,0,0,1,0
"9512141969","95","Panama","1969","12","14","coup",0,1,0,0,1,0,0,0,0,0,0,0,0,0,1,0,0,0,0,0,0,1
"9512161969","95","Panama","1969","12","16","coup",0,1,0,0,1,0,0,0,0,0,0,0,1,0,1,0,0,0,1,0,0,0
"9503031982","95","Panama","1982","3","3","coup",0,1,0,0,1,0,0,0,0,0,0,0,0,0,1,0,0,0,0,0,0,0
"9507301982","95","Panama","1982","7","30","coup",0,1,0,0,1,0,0,0,0,0,1,0,0,0,1,0,0,0,0,0,0,0
"9509141983","95","Panama","1983","9","14","conspiracy",1,0,1,0,0,1,0,0,0,0,0,0,0,0,1,0,0,0,0,0,0,0
"9503161988","95","Panama","1988","3","16","attempted",1,0,0,1,1,0,0,0,0,0,0,0,0,0,1,0,0,0,0,0,0,0
"9510031989","95","Panama","1989","10","3","attempted",1,0,0,1,0,1,0,0,0,0,0,0,0,0,1,0,0,0,1,1,0,1
"9512211989","95","Panama","1989","12","21","coup",0,1,0,0,0,0,0,0,1,0,0,0,0,0,1,0,0,0,1,0,0,0
"9510161990","95","Panama","1990","10","16","conspiracy",1,0,1,0,1,0,0,0,0,0,0,0,0,0,1,0,0,0,0,0,0,0
"9512051990","95","Panama","1990","12","5","conspiracy",1,0,1,0,1,0,0,0,0,0,0,0,0,0,1,0,0,0,0,0,0,0
"9510081991","95","Panama","1991","10","8","conspiracy",1,0,1,0,1,0,0,0,0,0,0,0,0,0,1,0,0,0,0,0,0,0
"9501121995","95","Panama","1995","1","12","conspiracy",1,0,1,0,0,1,0,0,0,0,0,0,0,0,1,0,0,0,0,0,0,0
"91003141990","910","Papua New Guinea","1990","3","14","attempted",1,0,0,1,1,1,0,0,0,0,0,0,0,0,1,0,0,0,0,0,0,0
"15003071947","150","Paraguay","1947","3","7","attempted",1,0,0,1,1,0,0,0,0,0,1,1,0,0,1,0,0,0,0,0,0,0
"15004301947","150","Paraguay","1947","4","30","attempted",1,0,0,1,1,0,1,0,0,0,0,0,0,0,1,0,0,0,0,0,0,0
"15004111948","150","Paraguay","1948","4","11","conspiracy",1,0,1,0,0,0,1,0,0,0,0,0,0,0,1,0,0,0,0,0,0,0
"15006031948","150","Paraguay","1948","6","3","coup",0,1,0,0,1,0,0,0,0,0,0,0,0,0,1,0,0,0,0,0,0,1
"15010251948","150","Paraguay","1948","10","25","attempted",1,0,0,1,1,1,0,0,0,0,0,0,0,0,1,0,0,0,0,0,0,0
"15001301949","150","Paraguay","1949","1","30","coup",0,1,0,0,1,0,0,1,0,0,0,0,0,0,1,0,0,0,0,0,1,0
"15002261949","150","Paraguay","1949","2","26","coup",0,1,0,0,1,1,0,0,0,0,0,0,0,0,1,0,0,0,0,0,0,0
"15009121949","150","Paraguay","1949","9","12","coup",0,1,0,0,0,0,0,1,0,0,1,0,0,0,1,0,0,0,0,0,0,0
"15005051954","150","Paraguay","1954","5","5","coup",0,1,0,0,1,0,0,0,0,0,0,0,0,0,1,0,0,0,1,0,0,0
"15012211955","150","Paraguay","1955","12","21","attempted",1,0,0,1,0,0,1,0,0,0,1,0,0,0,1,0,0,0,0,0,0,0
"15012121959","150","Paraguay","1959","12","12","attempted",1,0,0,1,0,1,0,0,0,0,0,0,0,0,1,0,0,0,0,0,0,0
"15002031989","150","Paraguay","1989","2","3","coup",0,1,0,0,1,0,0,0,0,0,0,0,0,0,1,0,0,0,1,0,0,0
"15004221996","150","Paraguay","1996","4","22","attempted",1,0,0,1,1,0,0,0,0,0,0,0,0,0,1,0,0,0,0,0,0,0
"15005182000","150","Paraguay","2000","5","18","attempted",1,0,0,1,0,1,0,0,0,0,0,0,0,0,1,0,0,0,0,0,0,0
"13510041948","135","Peru","1948","10","4","attempted",1,0,0,1,1,0,0,0,0,0,0,0,0,0,1,0,0,0,0,0,0,0
"13510291948","135","Peru","1948","10","29","coup",0,1,0,0,1,0,0,0,0,0,1,0,0,0,1,0,0,0,0,0,0,1
"13508101954","135","Peru","1954","8","10","attempted",1,0,0,1,1,0,0,0,0,0,0,0,0,0,1,0,0,0,0,0,0,0
"13502161956","135","Peru","1956","2","16","attempted",1,0,0,1,1,0,0,0,0,0,0,0,0,0,1,0,0,0,0,0,0,0
"13507181962","135","Peru","1962","7","18","coup",0,1,0,0,1,0,0,0,0,0,0,0,0,0,1,0,0,0,0,0,0,0
"13503031963","135","Peru","1963","3","3","coup",0,1,0,0,0,0,0,1,0,0,0,0,0,0,1,0,0,0,0,0,0,0
"13510031968","135","Peru","1968","10","3","coup",0,1,0,0,1,0,0,0,0,0,0,0,0,0,1,0,0,0,0,0,0,1
"13508291975","135","Peru","1975","8","29","coup",0,1,0,0,0,0,0,1,0,0,0,0,0,0,1,0,0,0,0,0,0,0
"13507091976","135","Peru","1976","7","9","attempted",1,0,0,1,1,0,0,0,0,0,0,0,0,0,1,0,0,0,0,0,0,0
"13504041992","135","Peru","1992","4","4","coup",0,1,0,0,0,0,0,0,0,1,0,0,0,0,1,0,0,0,0,0,0,0
"13510292000","135","Peru","2000","10","29","attempted",1,0,0,1,1,0,0,0,0,0,0,0,0,0,1,0,0,0,0,0,0,0
"84010181950","840","Philippines","1950","10","18","conspiracy",1,0,1,0,0,1,1,0,0,0,0,0,0,0,1,0,0,0,0,0,0,0
"84002251986","840","Philippines","1986","2","25","coup",0,1,0,0,1,0,0,0,0,0,0,1,0,0,1,0,0,0,0,0,1,0
"84007061986","840","Philippines","1986","7","6","attempted",1,0,0,1,1,1,0,0,0,0,0,0,0,0,1,0,0,0,0,0,0,0
"84011221986","840","Philippines","1986","11","22","attempted",1,0,0,1,1,0,0,0,0,0,0,0,0,0,1,0,0,0,0,0,0,0
"84001271987","840","Philippines","1987","1","27","attempted",1,0,0,1,1,0,0,0,0,0,0,0,0,0,1,0,0,0,0,0,0,0
"84008271987","840","Philippines","1987","8","27","attempted",1,0,0,1,1,0,0,0,0,0,0,0,0,0,1,0,0,0,0,0,0,0
"84012011989","840","Philippines","1989","12","1","attempted",1,0,0,1,1,0,0,0,0,0,0,0,0,0,1,0,0,0,0,0,0,0
"84003041990","840","Philippines","1990","3","4","attempted",1,0,0,1,0,1,0,0,0,0,0,0,0,0,1,0,0,0,0,0,0,0
"84010041990","840","Philippines","1990","10","4","attempted",1,0,0,1,1,0,0,0,0,0,0,0,0,0,1,0,0,0,0,0,0,0
"84001202001","840","Philippines","2001","1","20","coup",0,1,0,0,0,0,0,0,0,0,1,1,0,0,1,0,0,0,1,1,0,0
"84004292001","840","Philippines","2001","4","29","attempted",1,0,0,1,1,1,0,0,0,0,0,1,0,0,1,0,0,0,0,0,0,0
"84007272003","840","Philippines","2003","7","27","conspiracy",1,0,1,0,1,0,0,0,0,0,0,0,0,0,1,0,0,0,0,0,0,0
"29009061980","290","Poland","1980","9","6","coup",0,1,0,0,0,0,0,1,0,0,0,1,0,0,1,0,0,0,0,0,0,0
"29010121981","290","Poland","1981","10","12","coup",0,1,0,0,0,0,0,1,0,0,0,0,0,0,1,0,0,0,0,0,0,0
"23510101950","235","Portugal","1950","10","10","conspiracy",1,0,1,0,0,1,0,0,0,0,0,0,0,0,1,0,0,0,0,0,0,0
"23503151959","235","Portugal","1959","3","15","conspiracy",1,0,1,0,1,0,0,0,0,0,0,0,0,0,1,0,0,0,0,0,0,0
"23501011962","235","Portugal","1962","1","1","attempted",1,0,0,1,1,1,0,0,0,0,0,0,0,0,1,0,0,0,0,0,0,0
"23504251974","235","Portugal","1974","4","25","coup",0,1,0,0,1,0,0,0,0,0,0,0,0,0,1,0,0,0,0,0,0,1
"23509281974","235","Portugal","1974","9","28","attempted",1,0,0,1,0,0,0,1,0,0,0,0,0,0,1,0,0,0,0,0,0,0
"23509301974","235","Portugal","1974","9","30","coup",0,1,0,0,1,0,0,0,0,0,0,0,0,0,1,0,0,0,0,0,0,0
"23503111975","235","Portugal","1975","3","11","attempted",1,0,0,1,1,0,0,0,0,0,0,0,0,0,1,0,0,0,0,0,0,0
"23507311975","235","Portugal","1975","7","31","coup",0,1,0,0,1,0,0,0,0,0,0,0,0,0,1,0,0,0,0,0,0,0
"23511251975","235","Portugal","1975","11","25","attempted",1,0,0,1,1,1,0,0,0,0,0,0,0,0,1,0,0,0,0,0,0,0
"69402221972","694","Qatar","1972","2","22","coup",0,1,0,0,0,0,0,1,0,0,0,0,0,0,1,0,0,0,0,0,0,1
"69406271995","694","Qatar","1995","6","27","coup",0,1,0,0,0,0,0,1,0,0,0,0,0,0,1,0,0,0,0,0,0,1
"69402201996","694","Qatar","1996","2","20","attempted",1,0,0,1,0,1,0,0,1,0,0,0,0,0,1,0,0,0,0,0,0,0
"73204271960","732","Republic of Korea","1960","4","27","coup",0,1,0,0,0,0,0,0,0,0,0,1,0,0,1,0,0,0,0,0,0,1
"73205161961","732","Republic of Korea","1961","5","16","coup",0,1,0,0,0,0,0,1,0,0,0,0,0,0,1,0,0,0,0,0,0,0
"73207031961","732","Republic of Korea","1961","7","3","coup",0,1,0,0,1,0,0,1,0,0,1,0,0,0,1,0,0,0,0,0,0,0
"73206011962","732","Republic of Korea","1962","6","1","conspiracy",1,0,1,0,1,1,0,0,0,0,0,0,0,0,1,0,0,0,0,0,0,0
"73212121979","732","Republic of Korea","1979","12","12","coup",0,1,0,0,1,0,0,0,0,0,0,0,0,0,0,1,0,0,1,0,0,0
"73205171980","732","Republic of Korea","1980","5","17","coup",0,1,0,0,1,0,0,0,0,1,0,0,0,0,1,0,0,0,0,0,0,0
"73205181980","732","Republic of Korea","1980","5","18","attempted",1,0,0,1,0,0,0,0,0,0,0,1,0,0,1,0,0,0,0,0,0,0
"73208211990","732","Republic of Korea","1990","8","21","conspiracy",1,0,1,0,1,1,0,0,0,0,0,0,0,0,1,0,0,0,0,0,0,0
"81711111960","817","Republic of Vietnam","1960","11","11","attempted",1,0,0,1,1,1,0,0,0,0,0,0,0,0,1,0,0,0,0,0,0,0
"81711011963","817","Republic of Vietnam","1963","11","1","coup",0,1,0,0,1,0,0,0,0,0,0,0,0,0,1,0,0,0,0,0,0,0
"81701301964","817","Republic of Vietnam","1964","1","30","coup",0,1,0,0,1,0,0,0,0,0,0,0,0,0,1,0,0,0,0,0,0,0
"81709131964","817","Republic of Vietnam","1964","9","13","attempted",1,0,0,1,1,0,0,0,0,0,0,0,0,0,1,0,0,0,0,0,0,0
"81701271965","817","Republic of Vietnam","1965","1","27","coup",0,1,0,0,1,0,0,1,0,0,0,0,0,0,1,0,0,0,0,0,0,0
"81702191965","817","Republic of Vietnam","1965","2","19","coup",0,1,0,0,0,0,0,0,0,0,0,0,0,0,1,0,0,0,0,0,0,0
"81706111965","817","Republic of Vietnam","1965","6","11","coup",0,1,0,0,0,0,0,0,0,0,0,0,0,0,1,0,0,0,0,0,0,0
"81704211975","817","Republic of Vietnam","1975","4","21","coup",0,1,0,0,0,0,1,0,0,0,1,0,0,0,1,0,0,0,0,0,1,0
"81704301975","817","Republic of Vietnam","1975","4","30","coup",0,1,0,0,1,0,1,0,0,0,0,1,0,0,1,0,0,1,0,0,0,0
"36012311947","360","Rumania","1947","12","31","coup",0,1,0,0,0,0,0,1,0,0,1,0,0,0,1,0,0,0,0,0,0,1
"36012251989","360","Rumania","1989","12","25","coup",0,1,0,0,1,0,0,0,0,0,0,1,0,0,0,0,1,0,1,1,0,0
"36010011991","360","Rumania","1991","10","1","coup",0,1,0,0,0,0,0,0,0,0,0,1,0,0,1,0,0,0,0,0,0,0
"39309211993","393","Russia","1993","9","21","coup",0,1,0,0,0,0,0,0,0,1,0,0,0,0,1,0,0,0,0,0,0,0
"39309231993","393","Russia","1993","9","23","attempted",1,0,0,1,0,0,0,1,0,0,0,0,0,0,1,0,0,0,0,0,0,0
"51707051973","517","Rwanda","1973","7","5","coup",0,1,0,0,1,0,0,1,0,0,0,0,0,0,0,0,1,1,0,0,0,0
"51705051980","517","Rwanda","1980","5","5","conspiracy",1,0,1,0,0,1,0,0,0,0,0,0,0,0,1,0,0,0,0,0,0,0
"51704071994","517","Rwanda","1994","4","7","coup",0,1,0,0,1,1,0,0,0,0,0,0,0,0,0,0,1,0,0,0,0,0
"40308151995","403","Sao Tome and Principe","1995","8","15","coup",0,1,0,0,1,0,0,0,0,0,0,0,0,0,1,0,0,0,1,0,0,0
"40307162003","403","Sao Tome and Principe","2003","7","16","coup",0,1,0,0,1,0,0,0,0,0,0,0,0,0,1,0,0,0,0,0,0,0
"43312171962","433","Senegal","1962","12","17","attempted",1,0,0,1,0,0,0,1,0,0,0,0,0,0,1,0,0,0,0,0,0,0
"34010071999","340","Serbia","1999","10","7","coup",0,1,0,0,0,0,0,0,0,0,1,1,0,0,1,0,0,0,0,0,1,0
"59106051977","591","Seychelles","1977","6","5","coup",0,1,0,0,0,1,0,1,0,0,0,0,0,0,1,0,0,0,0,0,0,1
"59111161979","591","Seychelles","1979","11","16","conspiracy",1,0,1,0,0,1,0,0,1,0,0,0,0,0,1,0,0,0,0,0,0,0
"59111251981","591","Seychelles","1981","11","25","attempted",1,0,0,1,0,1,0,0,1,0,0,0,0,0,1,0,0,0,0,0,0,0
"45102011967","451","Sierra Leone","1967","2","1","conspiracy",1,0,1,0,1,1,0,0,0,0,0,0,0,0,1,0,0,0,0,0,0,0
"45103211967","451","Sierra Leone","1967","3","21","coup",0,1,0,0,1,0,0,0,0,0,0,0,0,0,1,0,0,1,0,0,0,0
"45103231967","451","Sierra Leone","1967","3","23","coup",0,1,0,0,1,0,0,0,0,0,0,0,0,0,1,0,0,0,1,0,0,0
"45104181968","451","Sierra Leone","1968","4","18","coup",0,1,0,0,1,0,0,0,0,0,0,0,1,0,1,0,0,0,0,0,0,0
"45103231971","451","Sierra Leone","1971","3","23","attempted",1,0,0,1,1,0,0,0,0,0,0,0,0,0,1,0,0,0,0,0,0,0
"45103231987","451","Sierra Leone","1987","3","23","attempted",1,0,0,1,0,1,0,0,0,0,0,0,0,0,1,0,0,0,0,0,0,0
"45104301992","451","Sierra Leone","1992","4","30","coup",0,1,0,0,1,0,0,0,0,0,0,0,0,0,1,0,0,0,0,0,0,1
"45112291992","451","Sierra Leone","1992","12","29","attempted",1,0,0,1,1,0,0,0,0,0,0,0,0,0,1,0,0,0,0,0,0,0
"45110161993","451","Sierra Leone","1993","10","16","conspiracy",1,0,1,0,0,1,0,0,0,0,0,0,0,0,1,0,0,0,0,0,0,0
"45110021995","451","Sierra Leone","1995","10","2","attempted",1,0,0,1,1,0,0,0,0,0,0,0,0,0,1,0,0,0,0,0,0,0
"45101161996","451","Sierra Leone","1996","1","16","coup",0,1,0,0,1,0,0,0,0,0,0,0,0,0,1,0,0,0,0,0,1,0
"45109081996","451","Sierra Leone","1996","9","8","attempted",1,0,0,1,1,0,0,0,0,0,0,0,0,0,1,0,0,0,0,0,0,0
"45105251997","451","Sierra Leone","1997","5","25","coup",0,1,0,0,1,0,0,0,0,0,0,0,0,0,1,0,0,0,0,0,0,1
"45102121998","451","Sierra Leone","1998","2","12","coup",0,1,0,0,0,0,0,0,1,0,0,0,0,0,1,0,0,0,0,0,0,0
"52012101961","520","Somalia","1961","12","10","attempted",1,0,0,1,1,0,0,0,0,0,0,0,0,0,1,0,0,0,0,0,0,0
"52010211969","520","Somalia","1969","10","21","coup",0,1,0,0,1,0,0,0,0,0,0,0,0,0,1,0,0,0,0,0,0,0
"52004211970","520","Somalia","1970","4","27","attempted",1,0,0,1,0,1,0,0,0,0,0,0,0,0,1,0,0,0,0,0,0,0
"52004271970","520","Somalia","1970","4","27","conspiracy",1,0,1,0,0,1,0,0,0,0,0,0,0,0,1,0,0,0,0,0,0,0
"52005251971","520","Somalia","1971","5","25","conspiracy",1,0,1,0,1,0,0,1,0,0,0,0,0,0,1,0,0,0,0,0,0,0
"52004091978","520","Somalia","1978","4","9","attempted",1,0,0,1,0,1,0,0,0,0,0,0,0,0,1,0,0,0,0,0,0,0
"52001261991","520","Somalia","1991","1","26","coup",0,1,0,0,0,0,1,0,0,0,0,0,0,0,1,0,0,0,0,0,1,0
"23011171978","230","Spain","1978","11","17","conspiracy",1,0,1,0,1,1,0,0,0,0,0,0,0,0,1,0,0,0,0,0,0,0
"23001251980","230","Spain","1980","1","25","conspiracy",1,0,1,0,1,0,0,0,0,0,0,0,0,0,1,0,0,0,0,0,0,0
"23002231981","230","Spain","1981","2","23","attempted",1,0,0,1,1,0,0,0,0,0,0,0,0,0,1,0,0,0,0,0,0,0
"23010011982","230","Spain","1982","10","1","conspiracy",1,0,1,0,1,0,0,0,0,0,1,0,0,0,1,0,0,0,0,0,0,0
"78001271962","780","Sri Lanka","1962","1","27","conspiracy",1,0,1,0,1,0,0,0,0,0,0,0,0,0,1,0,0,0,0,0,0,0
"78002171966","780","Sri Lanka","1966","2","17","conspiracy",1,0,1,0,1,0,0,0,0,0,0,0,0,0,1,0,0,0,0,0,0,0
"62508181955","625","Sudan","1955","8","18","attempted",1,0,0,1,1,0,0,0,0,0,0,0,0,0,1,0,0,0,0,0,0,0
"62511171958","625","Sudan","1958","11","17","coup",0,1,0,0,1,0,0,0,0,0,0,0,0,0,1,0,0,0,0,0,0,0
"62511091959","625","Sudan","1959","11","9","attempted",1,0,0,1,1,0,0,0,0,0,0,0,0,0,1,0,0,0,0,0,0,0
"62511161964","625","Sudan","1964","11","16","coup",0,1,0,0,0,0,0,0,0,0,1,1,0,0,1,0,0,0,0,0,1,0
"62512281966","625","Sudan","1966","12","28","attempted",1,0,0,1,1,1,0,0,0,0,0,0,0,0,1,0,0,0,0,0,0,0
"62505251969","625","Sudan","1969","5","25","coup",0,1,0,0,1,0,0,0,0,0,0,0,0,0,1,0,0,0,0,0,0,0
"62507201969","625","Sudan","1969","7","20","conspiracy",1,0,1,0,0,1,0,0,1,0,1,0,0,0,1,0,0,0,0,0,0,0
"62501071970","625","Sudan","1970","1","13","conspiracy",1,0,1,0,0,1,0,0,0,0,0,0,0,0,1,0,0,0,0,0,0,0
"62503301970","625","Sudan","1970","3","30","attempted",1,0,0,1,0,0,1,0,0,0,0,0,0,0,1,0,0,0,0,0,0,0
"62507191971","625","Sudan","1971","7","19","coup",0,1,0,0,1,1,0,0,0,0,0,0,0,0,1,0,0,0,0,0,0,0
"62507221971","625","Sudan","1971","7","22","coup",0,1,0,0,1,0,1,0,0,0,0,0,1,0,0,0,1,0,0,0,0,0
"62501261973","625","Sudan","1973","1","26","conspiracy",1,0,1,0,1,1,0,0,0,0,0,0,0,0,1,0,0,0,0,0,0,0
"62509051975","625","Sudan","1975","9","5","attempted",1,0,0,1,1,0,0,0,0,0,0,0,0,0,1,0,0,0,0,0,0,0
"62507021976","625","Sudan","1976","7","2","attempted",1,0,0,1,0,0,1,0,1,0,0,0,0,0,1,0,0,0,0,0,0,0
"62502031977","625","Sudan","1977","2","3","attempted",1,0,0,1,1,0,0,0,0,0,0,0,0,0,1,0,0,0,0,0,0,0
"62503191981","625","Sudan","1981","3","19","conspiracy",1,0,1,0,1,1,0,0,0,0,0,0,0,0,1,0,0,0,0,0,0,0
"62504061985","625","Sudan","1985","4","6","coup",0,1,0,0,1,0,0,1,0,0,0,1,0,0,1,0,0,0,0,0,0,0
"62509251985","625","Sudan","1985","9","25","attempted",1,0,0,1,1,1,0,0,0,0,0,0,0,0,1,0,0,0,0,0,0,0
"62506301989","625","Sudan","1989","6","30","coup",0,1,0,0,1,0,0,0,0,0,0,0,0,0,1,0,0,1,0,0,0,0
"62503291990","625","Sudan","1990","3","29","conspiracy",1,0,1,0,1,0,0,0,0,0,0,0,0,0,1,0,0,0,0,0,0,0
"62504231990","625","Sudan","1990","4","23","attempted",1,0,0,1,1,0,0,0,0,0,0,0,0,0,1,0,0,0,0,0,0,0
"62509121990","625","Sudan","1990","9","12","conspiracy",1,0,1,0,1,0,0,0,0,0,0,0,0,0,1,0,0,0,0,0,0,0
"62508231991","625","Sudan","1991","8","23","conspiracy",1,0,1,0,1,1,0,0,0,0,0,0,0,0,1,0,0,0,0,0,0,0
"62504151992","625","Sudan","1992","4","15","conspiracy",1,0,1,0,1,1,0,0,0,0,0,0,0,0,1,0,0,0,0,0,0,0
"62503071996","625","Sudan","1996","3","7","conspiracy",1,0,1,0,1,0,0,0,0,0,0,0,0,0,1,0,0,0,0,0,0,0
"62509252004","625","Sudan","2004","9","25","conspiracy",1,0,1,0,0,1,1,0,0,0,0,0,0,0,1,0,0,0,0,0,0,0
"11502251980","115","Surinam","1980","2","25","coup",0,1,0,0,1,0,0,0,0,0,0,0,0,0,1,0,0,0,1,0,0,0
"11505061980","115","Surinam","1980","5","6","attempted",1,0,0,1,0,0,0,0,0,0,1,1,0,0,1,0,0,0,0,0,0,0
"11508151980","115","Surinam","1980","8","15","coup",0,1,0,0,0,0,0,1,0,1,0,0,0,0,1,0,0,1,0,0,0,0
"11503151981","115","Surinam","1981","3","15","attempted",1,0,0,1,0,0,0,0,0,0,0,0,0,0,1,0,0,0,0,0,0,0
"11503111982","115","Surinam","1982","3","11","attempted",1,0,0,1,1,0,0,0,0,0,0,0,0,0,1,0,0,0,0,0,0,0
"11512081982","115","Surinam","1982","12","8","conspiracy",1,0,1,0,0,0,0,0,0,0,1,0,0,0,1,0,0,0,0,0,0,0
"11501301983","115","Surinam","1983","1","30","conspiracy",1,0,1,0,0,1,0,1,0,0,0,0,0,0,1,0,0,0,0,0,0,0
"11511251983","115","Surinam","1983","11","25","attempted",1,0,0,1,0,0,0,0,0,0,0,0,0,0,1,0,0,0,0,0,0,0
"11507281986","115","Surinam","1986","7","28","conspiracy",1,0,1,0,0,1,0,0,0,0,0,0,0,0,1,0,0,0,0,0,0,0
"11512241990","115","Surinam","1990","12","24","coup",0,1,0,0,1,0,0,0,0,0,1,0,0,0,1,0,0,0,0,0,0,0
"57208101983","572","Swaziland","1983","8","10","coup",0,1,0,0,0,0,0,1,0,0,0,0,0,0,1,0,0,0,0,0,0,0
"57212081983","572","Swaziland","1983","12","8","conspiracy",1,0,1,0,0,1,0,1,0,0,0,0,0,0,1,0,0,0,0,0,0,0
"57203201984","572","Swaziland","1984","3","20","conspiracy",1,0,1,0,0,1,0,1,0,0,0,0,0,0,1,0,0,0,0,0,0,0
"65203301949","652","Syria","1949","3","30","coup",0,1,0,0,1,0,0,0,1,0,0,0,0,0,1,0,0,0,1,0,0,1
"65208141949","652","Syria","1949","8","14","coup",0,1,0,0,1,0,0,0,0,0,0,0,0,0,0,0,1,0,0,0,0,0
"65212141949","652","Syria","1949","12","14","coup",0,1,0,0,1,0,0,0,0,0,0,0,0,0,1,0,0,1,0,0,0,0
"65211291951","652","Syria","1951","11","29","coup",0,1,0,0,1,0,0,0,0,0,0,0,0,0,1,0,0,0,0,0,0,0
"65212291952","652","Syria","1952","12","29","conspiracy",1,0,1,0,1,0,0,0,0,0,0,0,0,0,1,0,0,0,0,0,0,0
"65202251954","652","Syria","1954","2","25","coup",0,1,0,0,1,0,1,0,0,0,0,0,0,0,1,0,0,0,0,0,1,0
"65204221955","652","Syria","1955","4","22","conspiracy",1,0,1,0,1,1,0,0,1,0,0,0,0,0,1,0,0,0,0,0,0,0
"65212261956","652","Syria","1956","12","26","conspiracy",1,0,1,0,0,1,0,0,0,0,1,0,0,0,1,0,0,0,0,0,0,0
"65209281961","652","Syria","1961","9","28","coup",0,1,0,0,1,0,0,0,0,0,0,0,0,0,1,0,0,0,0,0,0,0
"65203281962","652","Syria","1962","3","28","coup",0,1,0,0,1,0,0,0,0,0,0,0,0,0,1,0,0,0,0,0,0,0
"65204131962","652","Syria","1962","4","13","coup",0,1,0,0,1,0,0,0,0,0,0,0,1,0,1,0,0,0,0,0,0,0
"65207291962","652","Syria","1962","7","29","conspiracy",1,0,1,0,0,1,0,0,1,0,0,0,0,0,1,0,0,0,0,0,0,0
"65203081963","652","Syria","1963","3","8","coup",0,1,0,0,1,1,0,0,0,0,0,0,0,0,1,0,0,0,1,0,0,0
"65207181963","652","Syria","1963","7","18","attempted",1,0,0,1,1,1,0,0,1,0,0,0,0,0,1,0,0,0,0,0,0,0
"65207271963","652","Syria","1963","7","27","coup",0,1,0,0,0,0,0,0,0,0,0,0,0,0,1,0,0,0,0,0,0,0
"65202231966","652","Syria","1966","2","23","coup",0,1,0,0,1,0,0,1,0,0,0,0,0,0,0,1,0,0,1,0,0,0
"65209081966","652","Syria","1966","9","8","attempted",1,0,0,1,1,0,0,0,0,0,0,0,0,0,1,0,0,0,0,0,0,0
"65203011969","652","Syria","1969","3","1","coup",0,1,0,0,1,0,0,0,0,0,1,0,0,0,1,0,0,0,0,0,0,0
"65211131970","652","Syria","1970","11","13","coup",0,1,0,0,0,0,0,0,0,0,0,0,0,0,1,0,0,0,0,0,0,0
"65201061982","652","Syria","1982","1","6","attempted",1,0,0,1,0,1,0,0,0,0,0,0,0,0,1,0,0,0,0,0,0,0
"65205101987","652","Syria","1987","5","10","conspiracy",1,0,1,0,1,0,0,0,0,0,0,0,0,0,1,0,0,0,0,0,0,0
"70209231991","702","Tajikistan","1991","9","23","coup",0,1,0,0,0,0,0,1,0,0,0,0,0,0,1,0,0,0,0,0,0,0
"70209071992","702","Tajikistan","1992","9","7","coup",0,1,0,0,0,0,1,0,0,0,1,1,0,0,1,0,0,0,0,0,0,0
"70210251992","702","Tajikistan","1992","10","25","attempted",1,0,0,1,0,0,1,0,0,0,0,0,1,0,1,0,0,0,0,0,0,0
"70211201992","702","Tajikistan","1992","11","20","coup",0,1,0,0,0,0,1,1,0,0,0,1,0,0,1,0,0,0,0,0,0,0
"70208111997","702","Tajikistan","1997","8","11","attempted",1,0,0,1,1,0,1,0,0,0,0,0,0,0,1,0,0,0,0,0,0,0
"51001191964","510","Tanzania","1964","1","19","attempted",1,0,0,1,1,0,0,0,0,0,0,1,0,0,1,0,0,0,0,0,0,0
"51007211967","510","Tanzania","1967","7","21","conspiracy",1,0,1,0,0,1,0,0,0,0,0,0,0,0,1,0,0,0,0,0,0,0
"51001131983","510","Tanzania","1983","1","13","conspiracy",1,0,1,0,1,1,0,0,0,0,0,0,0,0,1,0,0,0,0,0,0,0
"80011081947","800","Thailand","1947","11","8","coup",0,1,0,0,1,0,0,0,0,0,0,0,0,0,1,0,0,0,0,0,0,0
"80011161947","800","Thailand","1947","11","16","conspiracy",1,0,1,0,0,1,0,0,0,0,0,0,1,0,1,0,0,0,0,0,0,0
"80006291951","800","Thailand","1951","6","29","attempted",1,0,0,1,1,0,0,0,0,0,0,0,0,0,0,1,0,0,0,0,0,0
"80011291951","800","Thailand","1951","11","29","coup",0,1,0,0,1,0,0,0,0,0,1,0,0,0,1,0,0,0,0,0,0,0
"80011101952","800","Thailand","1952","11","10","conspiracy",1,0,1,0,0,1,0,0,1,0,0,0,0,0,1,0,0,0,0,0,0,0
"80008261953","800","Thailand","1953","8","26","conspiracy",1,0,1,0,1,1,0,0,0,0,0,0,0,0,1,0,0,0,0,0,0,0
"80009161957","800","Thailand","1957","9","16","coup",0,1,0,0,1,0,0,0,0,0,0,1,0,0,1,0,0,0,0,0,1,0
"80010201958","800","Thailand","1958","10","20","coup",0,1,0,0,1,0,0,0,0,0,0,0,0,0,1,0,0,0,0,0,0,0
"80011171971","800","Thailand","1971","11","17","coup",0,1,0,0,1,0,0,0,0,1,0,0,0,0,1,0,0,0,0,0,0,0
"80010141973","800","Thailand","1973","10","14","coup",0,1,0,0,0,0,0,0,0,0,0,1,0,0,1,0,0,0,0,0,1,0
"80010061976","800","Thailand","1976","10","6","coup",0,1,0,0,1,0,0,0,0,0,0,0,0,0,1,0,0,0,0,0,0,0
"80003261977","800","Thailand","1977","3","26","attempted",1,0,0,1,1,0,0,0,0,0,0,0,0,0,1,0,0,0,0,0,0,0
"80010201977","800","Thailand","1977","10","20","coup",0,1,0,0,1,0,0,0,0,0,0,0,0,0,1,0,0,0,0,0,0,0
"80004011981","800","Thailand","1981","4","1","attempted",1,0,0,1,1,0,0,0,0,0,0,0,0,0,1,0,0,0,0,0,0,0
"80007041984","800","Thailand","1984","7","4","conspiracy",1,0,1,0,0,1,0,0,0,0,0,0,0,0,1,0,0,0,0,0,0,0
"80009091985","800","Thailand","1985","9","9","attempted",1,0,0,1,1,0,0,0,0,0,0,0,0,0,1,0,0,0,0,0,0,0
"80002231991","800","Thailand","1991","2","23","coup",0,1,0,0,1,0,0,0,0,0,0,0,0,0,1,0,0,0,0,0,0,0
"46101131963","461","Togo","1963","1","13","coup",0,1,0,0,1,0,0,0,0,0,0,0,0,0,0,0,1,0,0,0,0,0
"46104091963","461","Togo","1963","4","9","conspiracy",1,0,1,0,0,1,0,0,0,0,0,0,0,0,1,0,0,0,0,0,0,0
"46107041964","461","Togo","1964","7","4","conspiracy",1,0,1,0,0,1,0,0,0,0,0,0,0,0,1,0,0,0,0,0,0,0
"46101211965","461","Togo","1965","1","21","conspiracy",1,0,1,0,1,0,0,0,0,0,0,0,0,0,1,0,0,0,0,0,0,0
"46111201966","461","Togo","1966","11","20","attempted",1,0,0,1,0,0,0,0,0,0,0,1,0,0,1,0,0,0,0,0,0,0
"46101131967","461","Togo","1967","1","13","coup",0,1,0,0,1,0,0,0,0,0,0,0,0,0,1,0,0,0,0,0,0,0
"46104141967","461","Togo","1967","4","14","coup",0,1,0,0,0,0,0,1,0,0,0,0,0,0,1,0,0,0,0,0,0,0
"46108081970","461","Togo","1970","8","8","conspiracy",1,0,1,0,0,1,0,0,0,0,0,0,0,0,1,0,0,0,0,0,0,0
"46109231986","461","Togo","1986","9","23","attempted",1,0,0,1,1,1,0,0,1,0,0,0,0,0,1,0,0,0,0,0,0,0
"46108261991","461","Togo","1991","8","26","attempted",1,0,0,1,1,0,0,0,0,1,0,0,0,0,1,0,0,0,0,0,0,0
"46110011991","461","Togo","1991","10","1","attempted",1,0,0,1,1,0,0,0,0,0,0,0,0,0,1,0,0,0,0,0,0,0
"46110081991","461","Togo","1991","10","8","attempted",1,0,0,1,1,0,0,0,0,0,0,0,0,0,1,0,0,0,0,0,0,0
"46111281991","461","Togo","1991","11","28","attempted",1,0,0,1,1,0,0,0,0,0,0,0,0,0,1,0,0,0,0,0,0,0
"46112031991","461","Togo","1991","12","3","attempted",1,0,0,1,1,0,0,0,0,0,0,0,0,0,1,0,0,1,0,0,0,0
"46102052005","461","Togo","2005","2","5","coup",0,1,0,0,1,0,0,0,0,0,0,0,0,0,1,0,0,0,0,0,0,0
"5204211970","52","Trinidad and Tobago","1970","4","21","attempted",1,0,0,1,0,1,0,0,0,0,0,0,0,0,1,0,0,0,0,0,0,0
"5207271990","52","Trinidad and Tobago","1990","7","27","attempted",1,0,0,1,0,1,0,0,0,0,0,0,0,0,1,0,0,0,0,0,0,0
"61607251957","616","Tunisia","1957","7","25","coup",0,1,0,0,0,0,0,1,0,0,0,0,0,0,1,0,0,0,0,0,0,0
"61612191962","616","Tunisia","1962","12","19","conspiracy",1,0,1,0,1,1,0,0,0,0,0,0,0,0,1,0,0,0,0,0,0,0
"61611071987","616","Tunisia","1987","11","7","coup",0,1,0,0,0,0,0,1,0,0,0,0,0,0,1,0,0,0,0,0,0,0
"61605221991","616","Tunisia","1991","5","22","conspiracy",1,0,1,0,1,1,0,0,0,0,0,0,0,0,1,0,0,0,0,0,0,0
"64005271960","640","Turkey","1960","5","27","coup",0,1,0,0,1,0,0,0,0,0,0,0,0,0,0,0,1,0,1,1,0,0
"64002221962","640","Turkey","1962","2","22","attempted",1,0,0,1,1,0,0,0,0,0,0,0,0,0,1,0,0,0,0,0,0,0
"64005201963","640","Turkey","1963","5","20","attempted",1,0,0,1,1,1,0,0,0,0,0,0,0,0,1,0,0,0,0,0,0,0
"64003121971","640","Turkey","1971","3","12","coup",0,1,0,0,1,0,0,0,0,0,1,0,0,0,1,0,0,0,0,0,0,0
"64009101980","640","Turkey","1980","9","10","coup",0,1,0,0,1,0,0,0,0,0,0,1,0,0,1,0,0,0,0,0,0,0
"64006301997","640","Turkey","1997","6","30","coup",0,1,0,0,1,0,0,0,0,0,1,0,0,0,1,0,0,0,0,0,0,0
"70104142002","701","Turkmenistan","2002","4","14","conspiracy",1,0,1,0,0,1,0,0,0,0,0,0,0,0,1,0,0,0,0,0,0,0
"50004151966","500","Uganda","1966","4","15","coup",0,1,0,0,0,0,0,0,0,1,0,0,0,0,1,0,0,0,0,0,0,0
"50001251971","500","Uganda","1971","1","25","coup",0,1,0,0,1,0,0,0,1,0,0,0,0,0,1,0,0,0,0,0,1,0
"50011111974","500","Uganda","1974","11","11","attempted",1,0,0,1,1,0,0,0,0,0,0,0,0,0,1,0,0,0,0,0,0,0
"50003231974","500","Uganda","1974","3","23","attempted",1,0,0,1,1,1,0,0,0,0,0,0,0,0,1,0,0,0,0,0,0,0
"50009091975","500","Uganda","1975","9","9","attempted",1,0,0,1,1,0,0,0,0,0,0,0,0,0,1,0,0,0,0,0,0,0
"50004111979","500","Uganda","1979","4","11","coup",0,1,0,0,0,1,1,0,0,0,0,0,0,0,1,0,0,0,0,0,1,0
"50005121980","500","Uganda","1980","5","12","coup",0,1,0,0,1,0,0,1,0,0,0,0,0,0,1,0,0,0,0,0,0,0
"50007271985","500","Uganda","1985","7","27","coup",0,1,0,0,1,0,0,0,0,0,0,0,0,0,1,0,0,0,0,0,1,0
"50001291986","500","Uganda","1986","1","29","coup",0,1,0,0,0,0,1,0,0,0,0,0,0,0,1,0,0,0,0,0,1,0
"50009021986","500","Uganda","1986","9","2","conspiracy",1,0,1,0,0,1,0,0,0,0,0,0,0,0,1,0,0,0,0,0,0,0
"50010081986","500","Uganda","1986","10","8","conspiracy",1,0,1,0,1,1,0,1,0,0,0,0,0,0,1,0,0,0,0,0,0,0
"50001061987","500","Uganda","1987","1","6","conspiracy",1,0,1,0,0,1,0,0,0,0,0,0,0,0,1,0,0,0,0,0,0,0
"69601241972","696","United Arab Emirates","1972","1","25","attempted",1,0,0,1,0,1,0,1,0,0,0,0,0,0,0,0,1,0,0,0,0,0
"201211948","2","United States of America","1948","1","21","conspiracy",1,0,1,0,0,1,0,0,0,0,0,0,0,0,1,0,0,0,0,0,0,0
"16502101973","165","Uruguay","1973","2","10","coup",0,1,0,0,1,0,0,0,0,0,0,0,0,0,1,0,0,0,0,0,0,0
"16506271973","165","Uruguay","1973","6","27","coup",0,1,0,0,0,0,0,0,0,1,0,0,0,0,1,0,0,0,0,0,0,0
"16506121976","165","Uruguay","1976","6","12","coup",0,1,0,0,1,0,0,1,0,0,0,0,0,0,1,0,0,0,0,0,0,0
"36510151964","365","USSR","1964","10","15","coup",0,1,0,0,0,0,0,1,0,0,1,0,0,0,1,0,0,0,0,0,0,0
"36508211991","365","USSR","1991","8","21","coup",0,1,0,0,1,0,0,1,0,0,1,0,0,0,1,0,0,1,0,0,0,0
"10111011946","101","Venezuela","1946","11","1","conspiracy",1,0,1,0,0,1,0,0,0,0,0,0,0,0,1,0,0,0,0,0,0,0
"10111231948","101","Venezuela","1948","11","23","coup",0,1,0,0,1,0,0,1,0,0,0,0,0,0,1,0,0,0,0,0,1,0
"10109291952","101","Venezuela","1952","9","29","attempted",1,0,0,1,1,1,0,0,0,0,0,0,0,0,1,0,0,0,0,0,0,0
"10101231958","101","Venezuela","1958","1","23","coup",0,1,0,0,1,0,0,1,0,0,0,1,0,0,1,0,0,0,0,0,1,0
"10103181958","101","Venezuela","1958","3","18","conspiracy",1,0,1,0,0,1,0,0,0,0,0,0,0,0,1,0,0,0,0,0,0,0
"10107221958","101","Venezuela","1958","7","22","attempted",1,0,0,1,1,0,0,0,0,0,0,0,0,0,1,0,0,0,0,0,0,0
"10109071958","101","Venezuela","1958","9","7","attempted",1,0,0,1,1,0,0,0,0,0,0,0,0,0,1,0,0,0,0,0,0,0
"10106241960","101","Venezuela","1960","6","24","attempted",1,0,0,1,1,1,0,0,1,0,0,0,0,0,0,1,0,0,0,0,0,0
"10109121960","101","Venezuela","1960","9","12","attempted",1,0,0,1,1,0,0,0,0,0,0,0,0,0,1,0,0,0,0,0,0,0
"10102201961","101","Venezuela","1961","2","20","attempted",1,0,0,1,1,1,0,0,0,0,0,0,0,0,1,0,0,0,0,0,0,0
"10106261961","101","Venezuela","1961","6","26","attempted",1,0,0,1,1,0,0,0,0,0,0,0,0,0,1,0,0,0,0,0,0,0
"10105041962","101","Venezuela","1962","5","4","attempted",1,0,0,1,1,1,0,0,0,0,0,0,0,0,1,0,0,0,0,0,0,0
"10106021962","101","Venezuela","1962","6","2","attempted",1,0,0,1,1,0,0,0,0,0,0,0,0,0,1,0,0,0,0,0,0,0
"10110301966","101","Venezuela","1966","10","30","attempted",1,0,0,1,1,0,0,0,0,0,0,0,0,0,1,0,0,0,0,0,0,0
"10102041992","101","Venezuela","1992","2","4","attempted",1,0,0,1,1,0,0,0,0,0,0,1,0,0,1,0,0,0,0,0,0,0
"10111271992","101","Venezuela","1992","11","27","attempted",1,0,0,1,1,0,0,0,0,0,0,0,0,0,1,0,0,0,0,0,0,0
"10104122002","101","Venezuela","2002","4","12","coup",0,1,0,0,1,1,0,0,0,0,0,1,0,0,1,0,0,1,0,0,0,0
"10104132002","101","Venezuela","2002","4","13","coup",0,1,0,0,1,0,0,0,0,0,0,1,1,0,1,0,0,1,0,0,1,0
"67802171948","678","Yemen Arab Republic","1948","2","17","attempted",1,0,0,1,0,0,1,0,0,0,1,0,0,0,0,0,1,0,0,0,0,0
"67804021955","678","Yemen Arab Republic","1955","4","2","attempted",1,0,0,1,1,0,0,1,0,0,0,0,0,0,1,0,0,0,0,0,0,0
"67809271962","678","Yemen Arab Republic","1962","9","27","coup",0,1,0,0,1,0,0,0,0,0,0,0,0,0,1,0,0,0,0,0,1,0
"67811051967","678","Yemen Arab Republic","1967","11","5","coup",0,1,0,0,1,1,0,0,0,0,0,0,0,0,1,0,0,0,0,0,0,0
"67806131974","678","Yemen Arab Republic","1974","6","13","coup",0,1,0,0,1,0,0,0,0,0,0,0,0,0,1,0,0,0,0,0,0,1
"67810151978","678","Yemen Arab Republic","1978","10","15","attempted",1,0,0,1,1,1,0,0,0,0,0,0,0,0,1,0,0,0,0,0,0,0
"68003201968","680","Yemen PDR","1968","3","20","attempted",1,0,0,1,0,1,0,0,0,0,0,0,0,0,1,0,0,0,0,0,0,0
"68008311968","680","Yemen PDR","1968","8","31","attempted",1,0,0,1,1,0,0,0,0,0,0,0,0,0,1,0,0,0,0,0,0,0
"68006221969","680","Yemen PDR","1969","6","22","coup",0,1,0,0,0,0,0,1,0,0,1,0,0,0,1,0,0,1,1,0,0,0
"68006261978","680","Yemen PDR","1978","6","26","coup",0,1,0,0,0,0,0,0,0,0,0,0,0,0,0,0,1,0,0,0,0,0
"68004021980","680","Yemen PDR","1980","4","2","coup",0,1,0,0,0,0,0,1,0,0,1,0,0,0,1,0,0,0,0,0,1,0
"68001131986","680","Yemen PDR","1986","1","13","coup",0,1,0,0,1,0,1,0,0,0,1,0,0,0,1,0,0,0,0,0,0,1
"55110161980","551","Zambia","1980","10","16","conspiracy",1,0,1,0,1,1,0,0,1,0,0,0,0,0,1,0,0,0,0,0,0,0
"55106141981","551","Zambia","1981","6","14","conspiracy",1,0,1,0,0,1,0,0,0,0,0,0,0,0,1,0,0,0,0,0,0,0
"55110071988","551","Zambia","1988","10","7","conspiracy",1,0,1,0,1,1,0,0,0,0,0,0,0,0,1,0,0,0,0,0,0,0
"55106301990","551","Zambia","1990","6","30","attempted",1,0,0,1,1,0,0,0,0,0,0,0,0,0,1,0,0,0,0,0,0,0
"55110281997","551","Zambia","1997","10","28","attempted",1,0,0,1,1,0,0,0,0,0,0,0,0,0,1,0,0,0,0,0,0,0
"55201111999","552","Zimbabwe","1999","1","11","conspiracy",1,0,1,0,1,0,0,0,0,0,0,0,0,0,1,0,0,0,0,0,0,0
