Health Facility Code,Health Facility Code Short,Facility Name,Facility Major Type,Health Facility Type,class,Street Name and #,Region Name,Region PSGC,Province Name,Province PSGC,City/Municipality Name,City/Municipality PSGC,Barangay Name,Barangay PSGC,Zip Code,Landline Number,Landline Number 2,Fax Number,Email Address,Service Capability,Bed Capacity,Licensing Status,License Validity Date
DOH000000000003116,3116,NORTHERN SAMAR PROVINCIAL HOSPITAL,Health Facility,Hospital,Government,BALITE STREET,REGION VIII (EASTERN VISAYAS),0800000000,NORTHERN SAMAR,0804800000,CATARMAN (CAPITAL),0804805000,ACACIA (POB.),0804805062,6400,NA,NA,NA,nsph_1956@yahoo.com,Level 1,100,Licensing Status:With License,NA
DOH000000000033023,33023,SUMISIP RURAL HEALTH UNIT BIRTHING HOME,Health Facility,Birthing Home,Government,ZONE 09,BANGSAMORO AUTONOMOUS REGION IN MUSLIM MINDANAO (BARMM),1900000000,BASILAN,1900700000,SUMISIP,1900705000,TUMAHUBONG,1900705022,NA,NA,NA,NA,NA,NA,0,Licensing Status:With License,NA
DOH000000000040048,40048,BARILI INFIRMARY,Health Facility,Infirmary,Government,"M. ZOSA ST.,",REGION VII (CENTRAL VISAYAS),0700000000,CEBU,0702200000,BARILI,0702210000,POBLACION,0702210038,6036,(032) 5172264,NA,NA,barili.infirmary21@gmail.com,NA,8,Licensing Status:With License,NA
DOH000000000000258,258,DR. EMIGDIO C. CRUZ SR. MEMORIAL HOSPITAL,Health Facility,Hospital,Government,NA,REGION III (CENTRAL LUZON),0300000000,PAMPANGA,0305400000,ARAYAT,0305403000,SAN AGUSTIN NORTE,0305403020,2012,+63 458857037,NA,NA,eccsmh@gmail.com,Level 1,25,Licensing Status:With License,NA
DOH000000000000566,566,HINUNANGAN COMMUNITY HOSPITAL,Health Facility,Infirmary,Government,NA,REGION VIII (EASTERN VISAYAS),080000000,SOUTHERN LEYTE,080640000,HINUNANGAN,080640300,BANGCAS A,0806403003,6608,NA,NA,NA,NA,NA,10,Licensing Status:With License,12/31/2023
DOH000000000038553,38553,SANTOL LYING-IN CLINIC,Health Facility,Birthing Home,Government,PADAYAO,REGION I (ILOCOS REGION),010000000,LA UNION,010330000,SANTOL,010331800,POBLACION,0103318010,2516,(072)619-4164,NA,NA,santolrhunew@gmail.com,NA,6,NA,NA
DOH000000000046049,46049,ANILAO RURAL HEALTH UNIT AND BIRTHING CENTER,Health Facility,Birthing Home,Government,NA,REGION VI (WESTERN VISAYAS),0600000000,ILOILO,0603000000,ANILAO,0603003000,POBLACION,0603003015,5009,033-3232205,NA,NA,anilao_rhu@yahoo.com,NA,5,Licensing Status:With License,12/31/2023
DOH000000000032554,32554,IROSIN RURAL HEALTH UNIT LYING IN,Health Facility,Birthing Home,Government,MANUEL ROXAS STREET,REGION V (BICOL REGION),0500000000,SORSOGON,0506200000,IROSIN,0506209000,SAN JUAN (POB.),0506209023,NA,NA,NA,NA,NA,NA,4,Licensing Status:With License,NA
DOH000000000003928,3928,LIANGA DISTRICT HOSPITAL,Health Facility,Hospital,Government,PUROK 1 NATIONAL HIGHWAY,REGION XIII (CARAGA),1600000000,SURIGAO DEL SUR,1606800000,LIANGA,1606811000,POBLACION,1606811010,8307,(086) 2144031,NA,NA,LIANGADISTRICTHOSPITAL@YAHOO.COM,Level 1,25,Licensing Status:With License,NA
DOH000000000004961,4961,TABANGO COMMUNITY HOSPITAL,Health Facility,Infirmary,Government,SITIO SHAMROCK,REGION VIII (EASTERN VISAYAS),0800000000,LEYTE,0803700000,TABANGO,0803745000,POBLACION,0803745011,6536,+63 535519458,NA,NA,tabango_communityhospital@yahoo.com,NA,10,Licensing Status:With License,NA
DOH000000000000440,440,CALUMPIT DISTRICT HOSPITAL,Health Facility,Hospital,Government,NA,REGION III (CENTRAL LUZON),0300000000,BULACAN,0301400000,CALUMPIT,0301407000,CANIOGAN,0301407008,3003,+63 442024415,NA,NA,cdh@bulacan.gov.ph,Level 1,25,Licensing Status:With License,NA
DOH000000000039125,39125,RURAL HEALTH UNIT - DEL CARMEN,Health Facility,Birthing Home,Government,PUROK 4,REGION XIII (CARAGA),1600000000,SURIGAO DEL NORTE,1606700000,DEL CARMEN,1606708000,DEL CARMEN (POB.),1606708009,NA,NA,NA,NA,delcarmenrhu@gmail.com,NA,2,Licensing Status:With License,NA
DOH000000000032970,32970,DITSAAN-RAMAIN RURAL HEALTH UNIT BIRTHING HOME,Health Facility,Birthing Home,Government,NA,BANGSAMORO AUTONOMOUS REGION IN MUSLIM MINDANAO (BARMM),1900000000,LANAO DEL SUR,1903600000,DITSAAN-RAMAIN,1903624000,BAGOAINGUD,1903624001,NA,NA,NA,NA,NA,NA,0,Licensing Status:With License,NA
DOH000000000041843,41843,CITY GOVERNMENT OF DAVAO BUNAWAN LYING-IN,Health Facility,Birthing Home,Government,NA,REGION XI (DAVAO REGION),1100000000,DAVAO DEL SUR,1130700000,CITY OF DAVAO,1130700000,BUNAWAN (POB.),1130700022,NA,NA,NA,NA,NA,NA,2,Licensing Status:With License,NA
DOH000000000032990,32990,TAGOLOAN RURAL HEALTH UNIT BIRTHING HOME,Health Facility,Birthing Home,Government,NA,BANGSAMORO AUTONOMOUS REGION IN MUSLIM MINDANAO (BARMM),1900000000,LANAO DEL SUR,1903600000,TAGOLOAN II,1903638000,KINGAN,1903638017,NA,NA,NA,NA,NA,NA,0,Licensing Status:With License,NA
DOH000000000033117,33117,MARUING BARANGAY HEALTH STATION BIRTHING HOME,Health Facility,Birthing Home,Government,NA,REGION IX (ZAMBOANGA PENINSULA),0900000000,ZAMBOANGA DEL SUR,0907300000,LAPUYAN,0907313000,MARUING,0907313016,NA,NA,NA,NA,NA,NA,0,Licensing Status:With License,NA
DOH000000000039471,39471,SAN FERNANDO BIRTHING CENTER,Health Facility,Birthing Home,Government,NA,REGION VII (CENTRAL VISAYAS),0700000000,CEBU,0702200000,SAN FERNANDO,0702241000,POBLACION SOUTH,0702241018,6018,+63 322721054,NA,NA,SANFERNANDOBIRTHING@gmail.com,NA,2,Licensing Status:With License,NA
DOH000000000003045,3045,VALDERRAMA MUNICIPAL HOSPITAL,Health Facility,Infirmary,Government,NA,REGION VI (WESTERN VISAYAS),060000000,ANTIQUE,060060000,VALDERRAMA,060061800,UBOS (POB.),0600618021,5703,NA,NA,NA,valderrama_municipal_hospital@yahoo.com,NA,10,Licensing Status:With License,12/31/2023
DOH000000000007712,7712,UNAYAN MUNICIPAL HOSPITAL,Health Facility,Hospital,Government,NA,BANGSAMORO AUTONOMOUS REGION IN MUSLIM MINDANAO (BARMM),1900000000,LANAO DEL SUR,1903600000,BINIDAYAN,1903605000,PAGALAMATAN (POB.),1903605020,9310,NA,NA,NA,NA,Level 1,10,Licensing Status:With License,NA
DOH000000000004957,4957,OLUTANGA MUNICIPAL HOSPITAL,Health Facility,Infirmary,Government,NA,REGION IX (ZAMBOANGA PENINSULA),0900000000,ZAMBOANGA SIBUGAY,0908300000,OLUTANGA,0908310000,BATERIA,0908310002,7041,NA,NA,NA,NA,NA,10,Licensing Status:With License,12/31/2023
DOH000000000002789,2789,WEST VISAYAS STATE UNIVERSITY MEDICAL CENTER,Health Facility,Hospital,Government,E. LOPEZ STREET,REGION VI (WESTERN VISAYAS),0600000000,ILOILO,0631000000,CITY OF ILOILO (CAPITAL),0631000000,LOPEZ JAENA,0631000093,5000,+63 333202431,NA,+63 333202623,wvsumedcenter@yahoo.com,Level 3,300,Licensing Status:With License,NA
DOH000000000038686,38686,RHU LYING-IN CLINIC OF THE MUNICIPALITY OF BINALONAN,Health Facility,Birthing Home,Government,NA,REGION I (ILOCOS REGION),010000000,PANGASINAN,010550000,BINALONAN,010551200,POBLACION,0105512015,NA,63,63,NA,NA,NA,6,Licensing Status:Without License,NA
DOH000000000004453,4453,AMMA JADSAC DISTRICT HOSPITAL,Health Facility,Infirmary,Government,NA,CORDILLERA ADMINISTRATIVE REGION (CAR),140000000,APAYAO,140810000,PUDTOL,140810600,POBLACION,1408106016,3812,NA,NA,NA,ajdh.hospital@gmail.com,NA,18,Licensing Status:With License,12/31/2023
DOH000000000000401,401,ABUYOG DISTRICT HOSPITAL,Health Facility,Hospital,Government,MAHARLIKA HIGHWAY,REGION VIII (EASTERN VISAYAS),0800000000,LEYTE,0803700000,ABUYOG,0803701000,BUNGA,0803701014,6510,NA,NA,NA,adh.leyte@yahoo.com,Level 1,30,Licensing Status:With License,NA
DOH000000000039103,39103,JANNES VIAJAR JAINAR BIRTHING CLINIC,Health Facility,Birthing Home,Government,PUROK 4,REGION XIII (CARAGA),160000000,AGUSAN DEL SUR,160030000,BUNAWAN,160030200,SAN TEODORO,1600302010,8600,NA,NA,NA,mhobunawan@gmail.com,NA,2,Licensing Status:With License,12/31/2023
DOH000000000033024,33024,TUBUAN LASA RURAL HEALTH UNIT BIRTHING HOME,Health Facility,Birthing Home,Government,NA,BANGSAMORO AUTONOMOUS REGION IN MUSLIM MINDANAO (BARMM),1900000000,BASILAN,1900700000,TABUAN-LASA,1900713000,LANAWAN,1900713006,NA,NA,NA,NA,NA,NA,0,Licensing Status:With License,NA
DOH000000000005950,5950,CAMP AQUINO STATION HOSPITAL,Health Facility,Hospital,Government,CAMP GEN. S. AQUINO,REGION III (CENTRAL LUZON),0300000000,TARLAC,0306900000,CITY OF TARLAC (CAPITAL),0306916000,SAN MIGUEL,0306916068,2300,+63 454914925,NA,NA,cashnolcom@yahoo.com,Level 1,29,Licensing Status:With License,NA
DOH000000000040214,40214,VICTORIA MUNICIPAL HEALTH OFFICE,Health Facility,Birthing Home,Government,NA,MIMAROPA REGION,170000000,ORIENTAL MINDORO,170520000,VICTORIA,170521500,POBLACION I,1705215018,5205,NA,NA,NA,rhuvictoria2018@gmail.com,NA,3,Licensing Status:With License,NA
DOH000000000033150,33150,MANICAHAN HEALTH CENTER BIRTHING HOME,Health Facility,Birthing Home,Government,NA,REGION IX (ZAMBOANGA PENINSULA),090000000,ZAMBOANGA DEL SUR,090730000,CITY OF ZAMBOANGA,093170000,MANICAHAN,0931700051,NA,NA,NA,NA,NA,NA,1,Licensing Status:With License,12/31/2023
DOH000000000032342,32342,RHU I Talavera Paanakang Pambayan,Health Facility,Birthing Home,Government,QUEZON STREET,REGION III (CENTRAL LUZON),0300000000,NUEVA ECIJA,0304900000,TALAVERA,0304930000,PAG-ASA (POB.),0304930042,NA,NA,NA,NA,phtalavera3114@gmail.com,NA,0,Licensing Status:With License,NA
DOH000000000007030,7030,LAUREL MEMORIAL DISTRICT HOSPITAL,Health Facility,Hospital,Government,NA,REGION IV-A (CALABARZON),0400000000,BATANGAS,0401000000,CITY OF TANAUAN,0401031000,SANTOR,0401031043,4232,+63 437233011,NA,NA,NA,Level 1,25,Licensing Status:With License,NA
DOH000000000036433,36433,SKILLED BIRTH ATTENDANT FACILITY-RURAL HEALTH UNIT,Health Facility,Birthing Home,Government,RIZAL AVENUE,REGION XII (SOCCSKSARGEN),1200000000,COTABATO,1204700000,KABACAN,1204703000,POBLACION,1204703019,9407,+63 645720389,NA,NA,kabacan_rhu@yahoo.com,NA,5,Licensing Status:With License,NA
DOH000000000001981,1981,NATIONAL KIDNEY AND TRANSPLANT INSTITUTE,Health Facility,Hospital,Government,"EAST AVENUE, DILIMAN",NATIONAL CAPITAL REGION (NCR),1300000000,"NCR, SECOND DISTRICT (NOT A PROVINCE)",1374000000,QUEZON CITY,1381300000,CENTRAL,1381300020,NA,+63 029810330,+63 029240701,+63 029225608,pro@nkti.gov.p,Level 3,315,Licensing Status:With License,NA
DOH000000000037575,37575,PIAT BIRTHING CENTER,Health Facility,Birthing Home,Government,PIAT-CTO-APAYAO ROAD,REGION II (CAGAYAN VALLEY),020000000,CAGAYAN,020150000,PIAT,020152000,POBLACION II,0201520019,3527,(078) 396 3701,NA,NA,sentrongsigla1999@yahoo.com.ph,NA,2,Licensing Status:With License,12/31/2023
DOH000000000035465,35465,DON JUAN COJUANGCO MEMORIAL HEALTH CENTER,Health Facility,Birthing Home,Government,NA,REGION III (CENTRAL LUZON),0300000000,NUEVA ECIJA,0304900000,CUYAPO,0304906000,NA,NA,NA,NA,NA,NA,mirafelixvictoria@gmail.com,NA,0,Licensing Status:With License,NA
DOH000000000032341,32341,RHU I - Maternity Lying-in (ZARAGOZA),Health Facility,Birthing Home,Government,NA,REGION III (CENTRAL LUZON),0300000000,NUEVA ECIJA,0304900000,ZARAGOZA,0304932000,DEL PILAR,0304932005,NA,(044) 958-1590,NA,NA,coffee.cappuccino18@gmail.com,NA,0,Licensing Status:With License,NA
DOH000000000003179,3179,LUIS HORA MEMORIAL REGIONAL HOSPITAL,Health Facility,Hospital,Government,NA,CORDILLERA ADMINISTRATIVE REGION (CAR),1400000000,MOUNTAIN PROVINCE,1404400000,BAUKO,1404402000,ABATAN,1404402001,2621,NA,NA,NA,NA,Level 2,100,Licensing Status:With License,NA
DOH000000000037461,37461,BENITO SOLIVEN RURAL HEALTH UNIT AND BIRTHING CENTER,Health Facility,Birthing Home,Government,NA,REGION II (CAGAYAN VALLEY),020000000,ISABELA,020310000,BENITO SOLIVEN,020310400,DISTRICT II (POB.),0203104007,3331,NA,NA,NA,rhu_benitosoliven@yahoo.com,NA,2,Licensing Status:With License,12/31/2023
DOH000000000000220,220,DIMIAO MUNICIPAL INFIRMARY,Health Facility,Infirmary,Government,NA,REGION VII (CENTRAL VISAYAS),0700000000,BOHOL,0701200000,DIMIAO,0701220000,SAWANG,0701220030,6305,NA,NA,NA,NA,NA,10,Licensing Status:With License,NA
DOH000000000003409,3409,ABORLAN MEDICARE HOSPITAL,Health Facility,Hospital,Government,FINNIGAN STREET,MIMAROPA REGION,1700000000,PALAWAN,1705300000,ABORLAN,1705301000,RAMON MAGSAYSAY,1705301014,5302,(048) 7230912,NA,NA,aborlanmedicarehospital@gmail.com,Level 1,25,Licensing Status:With License,NA
DOH000000000005469,5469,SULU SANITARIUM AND GENERAL HOSPITAL,Health Facility,Hospital,Government,UPPER SAN RAYMUNDO STREET,BANGSAMORO AUTONOMOUS REGION IN MUSLIM MINDANAO (BARMM),1900000000,SULU,1906600000,JOLO (CAPITAL),1906602000,SAN RAYMUNDO,1906602007,7400,+63 688460047,NA,NA,NA,Level 1,75,Licensing Status:With License,NA
DOH000000000040266,40266,SARANGANI PROVINCIAL HOSPITAL - MAASIM,Health Facility,Infirmary,Government,ST. LOUIE STREET,REGION XII (SOCCSKSARGEN),1200000000,SARANGANI,1208000000,MAASIM,1208004000,POBLACION,1208004014,9502,083-8880248,NA,NA,maasimmuncipalhospital@gmail.com,NA,10,Licensing Status:With License,NA
DOH000000000003091,3091,OSPITAL NG LUNGSOD NG SAN JOSE DEL MONTE,Health Facility,Hospital,Government,NA,REGION III (CENTRAL LUZON),0300000000,BULACAN,0301400000,CITY OF SAN JOSE DEL MONTE,0301420000,BAGONG BUHAY I,0301420001,3024,+63 449052682,NA,NA,NA,Level 1,90,Licensing Status:With License,NA
DOH000000000032759,32759,BUGO HEALTH CENTER AND LYING IN CLINIC,Health Facility,Birthing Home,Government,"ZONE 2, GREYMAR",REGION X (NORTHERN MINDANAO),1000000000,MISAMIS ORIENTAL,1030500000,CITY OF CAGAYAN DE ORO (CAPITAL),1030500000,BUGO,1030500041,NA,+63 888573184,NA,NA,CDOCITYHEALTHOFFICE@GMAIL.COM,NA,0,Licensing Status:With License,NA
DOH000000000032346,32346,SAN ISIDRO RURAL HEALTH UNIT BIRTHING CLINIC,Health Facility,Birthing Home,Government,PLAZA SANTOS,REGION III (CENTRAL LUZON),0300000000,NUEVA ECIJA,0304900000,SAN ISIDRO,0304925000,POBLACION,0304925006,NA,+63 449408466,NA,NA,rhusine@yahoo.com,NA,0,Licensing Status:With License,NA
DOH000000000003564,3564,NASIPIT DISTRICT HOSPITAL,Health Facility,Infirmary,Government,DISTRICT 6,REGION XIII (CARAGA),1600000000,AGUSAN DEL NORTE,1600200000,NASIPIT,1600209000,KINABJANGAN,1600209009,8602,(085) 3432053,(085) 3433073,(085) 2834510,NA,NA,10,Licensing Status:With License,NA
DOH000000000037405,37405,ST. PAUL HOSPITAL,Health Facility,Hospital,Government,ZONE 12,REGION X (NORTHERN MINDANAO),1000000000,MISAMIS ORIENTAL,1004300000,TAGOLOAN,1004324000,POBLACION,1004324006,NA,NA,NA,NA,st.paultagoloan@gmail.com,Level 1,28,Licensing Status:With License,12/31/2023
DOH000000000032444,32444,DR. FLORENTINO C. DOBLE MEMORIAL HOSPITAL,Health Facility,Infirmary,Government,NEW TALUGTOG RESETTLEMENT AREA,REGION III (CENTRAL LUZON),0300000000,ZAMBALES,0307100000,BOTOLAN,0307101000,TAUGTOG,0307101023,2202,NA,NA,NA,kphbotolan@gmail.com,NA,37,Licensing Status:With License,NA
DOH000000000028057,28057,"LAGUNA MEDICAL CENTER, INC.",Health Facility,Hospital,Government,1864 JOSE DE LEON STREET,REGION IV-A (CALABARZON),0400000000,LAGUNA,0403400000,SANTA CRUZ (CAPITAL),0403426000,BARANGAY I (POB.),0403426014,4009,+63 495433333,NA,NA,laguna.provincial.hospital@gmail.com,Level 2,150,Licensing Status:With License,NA
DOH000000000023634,23634,CAMP BRIG. GEN. SALIPADALA K. PENDATUN HOSPITAL,Health Facility,Infirmary,Government,NA,BANGSAMORO AUTONOMOUS REGION IN MUSLIM MINDANAO (BARMM),1900000000,MAGUINDANAO DEL NORTE,1908700000,PARANG,1908709000,MAKING,1908709014,9604,NA,NA,NA,NA,NA,10,Licensing Status:With License,NA
DOH000000000032185,32185,RURAL HEALTH UNIT - QUEZON NUEVA VIZCAYA BIRTHING CLINIC,Health Facility,Birthing Home,Government,NA,REGION II (CAGAYAN VALLEY),020000000,NUEVA VIZCAYA,020500000,QUEZON,020501100,AURORA,0205011001,3316,NA,NA,NA,ruralhealthunitaurora@gmail.com,NA,2,Licensing Status:With License,12/31/2023
DOH000000000003906,3906,BUKIDNON PROVINCIAL HOSPITAL - KIBAWE,Health Facility,Hospital,Government,POBLACION,REGION X (NORTHERN MINDANAO),1000000000,BUKIDNON,1001300000,KIBAWE,1001308000,PALMA,1001308037,8720,NA,NA,NA,BPHKIBAWE@YAHOO.COM,Level 1,100,Licensing Status:With License,NA
DOH000000000027779,27779,SIBUCO MUNICIPAL HOSPITAL,Health Facility,Infirmary,Government,SITIO TIGBUAYA,REGION IX (ZAMBOANGA PENINSULA),0900000000,ZAMBOANGA DEL NORTE,0907200000,SIBUCO,0907216000,POBLACION,0907216018,7122,NA,NA,NA,NA,NA,10,Licensing Status:With License,12/31/2023
DOH000000000002059,2059,SAN JOSE DISTRICT HOSPITAL,Health Facility,Hospital,Government,NA,REGION IV-A (CALABARZON),0400000000,BATANGAS,0401000000,SAN JOSE,0401022000,BANAYBANAY I,0401022007,4227,+63 437260158,NA,NA,sjdhbats_78@yahoo.com,Level 1,25,Licensing Status:With License,NA
DOH000000000006854,6854,JUAN M. DUYAN MEMORIAL DISTRICT HOSPITAL,Health Facility,Infirmary,Government,NA,CORDILLERA ADMINISTRATIVE REGION (CAR),140000000,KALINGA,140320000,RIZAL,140321100,BABALAG WEST (POB.),1403211015,3808,NA,NA,NA,juanmduyan2019@gmail.com,NA,18,Licensing Status:With License,12/31/2023
DOH000000000038564,38564,"ROSARIO RURAL HEALTH UNIT, FAMILY PLANNING AND BIRTHING CLINIC",Health Facility,Birthing Home,Government,NA,REGION I (ILOCOS REGION),010000000,LA UNION,010330000,ROSARIO,010331300,POBLACION EAST,0103313022,NA,NA,NA,NA,NA,NA,4,Licensing Status:With License,NA
DOH000000000032450,32450,LEGAZPI CITY HEALTH OFFICE SOUTHERN DISTRICT MATERNITY LYING-IN CLINIC,Health Facility,Birthing Home,Government,NA,REGION V (BICOL REGION),050000000,ALBAY,050050000,CITY OF LEGAZPI (CAPITAL),050050600,BGY. 66 - BANQUEROHAN,0500506004,NA,+63 524800695,NA,NA,NA,NA,3,Licensing Status:With License,12/31/2024
DOH000000000038560,38560,ASINGAN RHU-1 BIRTHING FACILITY,Health Facility,Birthing Home,Government,NA,REGION I (ILOCOS REGION),010000000,PANGASINAN,010550000,ASINGAN,010550600,POBLACION EAST,0105506016,NA,63,63,NA,NA,NA,12,Licensing Status:With License,NA
DOH000000000043603,43603,SOFRONIO ESPAÑOLA DISTRICT HOSPITAL,Health Facility,Infirmary,Government,"H. GUBAT ST., PUROK BULUBUNDUKIN B",MIMAROPA REGION,1700000000,PALAWAN,1705300000,SOFRONIO ESPA?OLA,1705324000,PULOT CENTER,1705324006,5324,NA,NA,NA,pgpsedh2022@gmail.com,NA,12,Licensing Status:With License,12/31/2022
DOH000000000000494,494,DR. GUMERSINDO GARCIA SR MEMORIAL HOSPITAL,Health Facility,Infirmary,Government,GUANZON STREET,REGION VI (WESTERN VISAYAS),060000000,NEGROS OCCIDENTAL,060450000,CITY OF KABANKALAN,060451500,BARANGAY 5 (POB.),0604515016,6111,+63 344712113,NA,NA,hrdggsmh@gmail.com,NA,25,Licensing Status:With License,12/31/2023
DOH000000000000573,573,IBAJAY DISTRICT HOSPITAL,Health Facility,Infirmary,Government,NA,REGION VI (WESTERN VISAYAS),060000000,AKLAN,060040000,IBAJAY,060040600,AGBAGO,0600406001,5613,+63 362892011,+63 362892276,+63 362892276,NA,NA,25,Licensing Status:With License,12/31/2023
DOH000000000033018,33018,HADJI MUHTAMMAD RURAL HEALTH UNIT BIRTHING HOME,Health Facility,Birthing Home,Government,NA,BANGSAMORO AUTONOMOUS REGION IN MUSLIM MINDANAO (BARMM),1900000000,BASILAN,1900700000,HADJI MUHTAMAD,1900712000,TAUSAN,1900712010,NA,NA,NA,NA,NA,NA,0,Licensing Status:With License,NA
DOH000000000033032,33032,FATIMA BIRTHING HOME AND MIDWIVES CLINIC,Health Facility,Birthing Home,Government,NA,BANGSAMORO AUTONOMOUS REGION IN MUSLIM MINDANAO (BARMM),1900000000,MAGUINDANAO DEL SUR,1908800000,DATU SAUDI-AMPATUAN,1908809000,DAPIAWAN,1908809001,NA,NA,NA,NA,NA,NA,0,Licensing Status:With License,NA
DOH000000000005252,5252,ABRA DE ILOG MUNICIPAL HOSPITAL,Health Facility,Infirmary,Government,VENTURANZA STREET,MIMAROPA REGION,1700000000,OCCIDENTAL MINDORO,1705100000,ABRA DE ILOG,1705101000,POBLACION,1705101004,5108,NA,NA,NA,carlosdipasupil@yahoo.com,NA,10,Licensing Status:With License,NA
DOH000000000033097,33097,RIZAL RURAL HEALTH UNIT BIRTHING HOME,Health Facility,Birthing Home,Government,NA,REGION IX (ZAMBOANGA PENINSULA),0900000000,ZAMBOANGA DEL NORTE,0907200000,RIZAL,0907212000,WEST POBLACION,0907212022,NA,NA,NA,NA,NA,NA,0,Licensing Status:With License,NA
DOH000000000037647,37647,NAGTIPUNAN RURAL HEALTH UNIT AND BIRTHING CENTER,Health Facility,Birthing Home,Government,NA,REGION II (CAGAYAN VALLEY),020000000,QUIRINO,020570000,NAGTIPUNAN,020570600,PONGGO,0205706010,3405,NA,NA,NA,mhonagtipunan@gmail.com,NA,6,Licensing Status:With License,12/31/2023
DOH000000000032552,32552,DONSOL RURAL HEALTH UNIT BIRTHING FACILITY,Health Facility,Birthing Home,Government,SAN JOSE STREET,REGION V (BICOL REGION),0500000000,SORSOGON,0506200000,DONSOL,0506207000,AWAI,0506207002,NA,NA,NA,NA,NA,NA,0,Licensing Status:With License,NA
DOH000000000006557,6557,BONTOC GENERAL HOSPITAL,Health Facility,Hospital,Government,MALIGCONG ROAD,CORDILLERA ADMINISTRATIVE REGION (CAR),140000000,MOUNTAIN PROVINCE,140440000,BONTOC (CAPITAL),140440400,CALUTTIT,1404404017,2616,(074) 604-0839,NA,NA,bontocgeneralhospital@gmail.com,Level 1,100,Licensing Status:With License,12/31/2023
DOH000000000033139,33139,TIGBAO RURAL HEALTH UNIT BIRTHING HOME,Health Facility,Birthing Home,Government,NA,REGION IX (ZAMBOANGA PENINSULA),0900000000,ZAMBOANGA DEL SUR,0907300000,TIGBAO,0907344000,TIGBAO,0907344016,NA,NA,NA,NA,NA,NA,0,Licensing Status:With License,NA
DOH000000000040668,40668,GUADALUPE NUEVO LYING-IN CLINIC,Health Facility,Birthing Home,Government,"La Consolacion St., cor. Nuestra Señora, Guadalupe Nuevo, Makati City",NATIONAL CAPITAL REGION (NCR),1300000000,"NCR, FOURTH DISTRICT (NOT A PROVINCE)",1376000000,CITY OF MAKATI,1380300000,GUADALUPE NUEVO,1380300009,NA,NA,NA,NA,gnlic.mhd@gmail.com,NA,3,Licensing Status:With License,NA
DOH000000000036191,36191,CONEL RURAL HEALTH UNIT BIRTHING HOME,Health Facility,Birthing Home,Government,NA,REGION XII (SOCCSKSARGEN),1200000000,SOUTH COTABATO,1230800000,CITY OF GENERAL SANTOS,1230800000,CONEL,1230800006,9500,NA,NA,NA,lyinginconelrhu@gmail.com,NA,2,Licensing Status:With License,NA
DOH000000000043080,43080,SAN LEONARDO RHU II BIRTHING STATION,Health Facility,Birthing Home,Government,NA,REGION III (CENTRAL LUZON),0300000000,NUEVA ECIJA,0304900000,SAN LEONARDO,0304927000,DIVERSION,0304927005,NA,NA,NA,NA,rhu2sanleo@gmail.com,NA,0,Licensing Status:With License,NA
DOH000000000032656,32656,MONTEBELLO BHS BIRTHING FACILITY,Health Facility,Birthing Home,Government,NA,REGION VIII (EASTERN VISAYAS),0800000000,LEYTE,0803700000,KANANGA,0803726000,MONTE BELLO,0803726012,6531,(053) 5539030,NA,NA,NA,NA,2,Licensing Status:With License,NA
DOH000000000033092,33092,PUNTA BLANCA BIRTHING CLINIC,Health Facility,Birthing Home,Government,NA,REGION IX (ZAMBOANGA PENINSULA),0900000000,ZAMBOANGA DEL NORTE,0907200000,MANUKAN,0907207000,PUNTA BLANCA,0907207028,7110,NA,NA,NA,NA,NA,1,Licensing Status:With License,12/31/2023
DOH000000000007486,7486,APARRI PROVINCIAL HOSPITAL,Health Facility,Hospital,Government,MAHARLIKA HIGHWAY,REGION II (CAGAYAN VALLEY),020000000,CAGAYAN,020150000,APARRI,020150500,TORAN,0201505040,3515,+63 783773207,NA,NA,aparridistricthospital@gmail.com,Level 1,50,Licensing Status:With License,12/31/2023
DOH000000000033481,33481,PAETE RURAL HEALTH UNIT BIRTHING HOME,Health Facility,Birthing Home,Government,2-058 F. SARIO STREET,REGION IV-A (CALABARZON),0400000000,LAGUNA,0403400000,PAETE,0403418000,MAYTOONG (POB.),0403418008,NA,+63 495572838,NA,NA,rhupaete_official@yahoo.com,NA,0,Licensing Status:With License,NA
DOH000000000003863,3863,CAGRARAY DISTRICT HOSPITAL,Health Facility,Infirmary,Government,NA,REGION V (BICOL REGION),0500000000,ALBAY,0500500000,BACACAY,0500501000,CABASAN,0500501009,4509,NA,NA,NA,cagaraydistrict@yahoo.com,NA,25,Licensing Status:With License,NA
DOH000000000036044,36044,BALUBARAN LYING-IN CLINIC,Health Facility,Birthing Home,Government,"SALUD ST., EDEN COURT, BALUBARAN",NATIONAL CAPITAL REGION (NCR),1300000000,"NCR, THIRD DISTRICT (NOT A PROVINCE)",1375000000,CITY OF VALENZUELA,1381600000,MALINTA,1381600017,1440,+63 024457030,NA,NA,mpreytas@gmail.com,NA,2,Licensing Status:With License,NA
DOH000000000000700,700,PASIG CITY GENERAL HOSPITAL,Health Facility,Hospital,Government,M. EUSEBIO AVENUE,NATIONAL CAPITAL REGION (NCR),1300000000,"NCR, SECOND DISTRICT (NOT A PROVINCE)",1374000000,CITY OF PASIG,1381200000,MAYBUNGA,1381200012,NA,+63 022737981,+63 026433333,+63 026427380,pasigcitygen@yahoo.com.ph,Level 3,200,Licensing Status:With License,NA
DOH000000000039124,39124,WASHINGTON DISTRICT BIRTHING FACILITY,Health Facility,Birthing Home,Government,KASKAG,REGION XIII (CARAGA),1600000000,SURIGAO DEL NORTE,1606700000,CITY OF SURIGAO (CAPITAL),1606724000,WASHINGTON (POB.),1606724068,NA,NA,NA,NA,WASHINGTON_DISTRICT@YAHOO.COM,NA,2,Licensing Status:With License,NA
DOH000000000032148,32148,GAMU RURAL HEALTH UNIT AND BIRTHING CENTER,Health Facility,Birthing Home,Government,PUROK 4,REGION II (CAGAYAN VALLEY),020000000,ISABELA,020310000,GAMU,020311300,DISTRICT I (POB.),0203113017,3301,NA,NA,NA,rhu.gamuisabela@yahoo.com,NA,5,Licensing Status:With License,12/31/2023
DOH000000000036055,36055,TUPI RHU LYING-IN CLINIC,Health Facility,Birthing Home,Government,NA,REGION XII (SOCCSKSARGEN),1200000000,SOUTH COTABATO,1206300000,TUPI,1206317000,POBLACION,1206317013,9505,(083) 2262827,NA,NA,tupirhu@yahoo.com,NA,3,Licensing Status:With License,NA
DOH000000000005306,5306,SAN ANTONIO DISTRICT HOSPITAL,Health Facility,Infirmary,Government,NA,REGION VIII (EASTERN VISAYAS),0800000000,NORTHERN SAMAR,0804800000,SAN ANTONIO,0804817000,WARD III (POB.),0804817011,6407,NA,NA,NA,sanantoniodistricthospital@gmail.com,NA,12,Licensing Status:With License,NA
DOH000000000000753,753,SALVACION OPPUS YNIGUEZ MEMORIAL PROVINCIAL HOSPITAL,Health Facility,Hospital,Government,NA,REGION VIII (EASTERN VISAYAS),0800000000,SOUTHERN LEYTE,0806400000,CITY OF MAASIN (CAPITAL),0806407000,DONGON,0806407021,6600,NA,NA,NA,NA,Level 2,100,Licensing Status:With License,NA
DOH000000000038213,38213,BATARAZA DISTRICT HOSPITAL,Health Facility,Infirmary,Government,NA,MIMAROPA REGION,1700000000,PALAWAN,1705300000,BATARAZA,1705305000,MARANGAS (POB.),1705305010,5306,NA,NA,NA,batarazadistricthospital@gmail.com,NA,11,Licensing Status:With License,NA
DOH000000000007521,7521,RAMON TABIANA MEMORIAL DISTRICT HOSPITAL,Health Facility,Hospital,Government,NA,REGION VI (WESTERN VISAYAS),060000000,ILOILO,060300000,CABATUAN,060301200,PUNGTOD,0603012055,5031,+63 335228549,NA,NA,NA,Level 1,75,Licensing Status:With License,12/31/2023
DOH000000000038093,38093,PALANAS RURAL HEALTH UNIT,Health Facility,Birthing Home,Government,NA,REGION V (BICOL REGION),050000000,MASBATE,050410000,PALANAS,050411500,POBLACION,0504115019,5404,NA,NA,NA,imeedelavin78@yahoo.com,NA,3,Licensing Status:With License,12/31/2023
DOH000000000040463,40463,MUNTINLUPA LYING-IN CENTER,Health Facility,Birthing Home,Government,NATIONAL ROAD,NATIONAL CAPITAL REGION (NCR),130000000,"NCR, FOURTH DISTRICT (NOT A PROVINCE)",137600000,CITY OF MUNTINLUPA,138080000,PUTATAN,1380800006,NA,+63 0276247087,NA,NA,muntinlupalyingincenter83@gmail.com,NA,4,Licensing Status:With License,12/31/2023
DOH000000000004295,4295,CAN-AVID MUNICIPAL HOSPITAL,Health Facility,Infirmary,Government,NATIONAL HIGHWAY,REGION VIII (EASTERN VISAYAS),080000000,EASTERN SAMAR,080260000,CAN-AVID,080260500,BARANGAY 4 POBLACION,0802605022,6806,NA,NA,NA,canavidhospital@gmail.com,NA,10,Licensing Status:With License,12/31/2023
DOH000000000032887,32887,MAGPET RURAL HEALTH UNIT BIRTHING HOME,Health Facility,Birthing Home,Government,ALSAR'S STREET,REGION XII (SOCCSKSARGEN),1200000000,COTABATO,1204700000,MAGPET,1204706000,POBLACION,1204706040,9404,NA,NA,NA,rhumagpet@yahoo.com,NA,3,Licensing Status:With License,NA
DOH000000000044535,44535,NABAS RURAL HEALTH UNIT-MATERNITY CLINIC,Health Facility,Birthing Home,Government,NA,REGION VI (WESTERN VISAYAS),0600000000,AKLAN,0600400000,NABAS,0600414000,POBLACION,0600414015,NA,036-289-1459,NA,NA,NA,NA,5,Licensing Status:With License,NA
DOH000000000006712,6712,HILONGOS DISTRICT HOSPITAL,Health Facility,Hospital,Government,C.V. ALCUINO,REGION VIII (EASTERN VISAYAS),0800000000,LEYTE,0803700000,HILONGOS,0803719000,CENTRAL BARANGAY (POB.),0803719028,6524,+63 535679452,NA,NA,hdhcares@gmail.com,Level 1,25,Licensing Status:With License,NA
DOH000000000036142,36142,TINAGACAN RURAL HEALTH UNIT BIRTHING HOME,Health Facility,Birthing Home,Government,NA,REGION XII (SOCCSKSARGEN),1200000000,SOUTH COTABATO,1230800000,CITY OF GENERAL SANTOS,1230800000,TINAGACAN,1230800028,9500,NA,NA,NA,NA,NA,3,Licensing Status:With License,NA
DOH000000000038555,38555,SUDIPEN BIRTHING CLINIC,Health Facility,Birthing Home,Government,NA,REGION I (ILOCOS REGION),010000000,LA UNION,010330000,SUDIPEN,010331900,POBLACION,0103319010,NA,NA,NA,NA,NA,NA,2,Licensing Status:With License,NA
DOH000000000033116,33116,BARANGAY HEALTH STATION - BULAWAN,Health Facility,Birthing Home,Government,PUROK 1,REGION IX (ZAMBOANGA PENINSULA),0900000000,ZAMBOANGA DEL SUR,0907300000,LAPUYAN,0907313000,BULAWAN,0907313002,7037,NA,NA,NA,NA,NA,1,Licensing Status:With License,12/31/2023
DOH000000000005029,5029,ROXAS MEMORIAL PROVINCIAL HOSPITAL,Health Facility,Hospital,Government,ARNALDO BOULEVARD,REGION VI (WESTERN VISAYAS),060000000,CAPIZ,060190000,CITY OF ROXAS (CAPITAL),060191400,INZO ARNALDO VILLAGE,0601914030,5800,+63 366210030,+63 366210823,NA,rmphxcapiz@yahoo.com,Level 2,147,Licensing Status:With License,12/31/2023
DOH000000000003490,3490,SAN ANDRES MUNICIPAL HOSPITAL,Health Facility,Infirmary,Government,NA,MIMAROPA REGION,1700000000,ROMBLON,1705900000,SAN ANDRES,1705912000,POBLACION,1705912010,5504,NA,NA,NA,sanandresmunicipalhospital@gmail.com,NA,10,Licensing Status:With License,NA
DOH000000000032225,32225,SAN GABRIEL RURAL HEALTH UNIT AND BIRTHING CLINIC,Health Facility,Birthing Home,Government,NA,REGION I (ILOCOS REGION),010000000,LA UNION,010330000,SAN GABRIEL,010331500,POBLACION,0103315019,NA,NA,NA,NA,NA,NA,8,Licensing Status:With License,NA
DOH000000000006054,6054,OSPITAL NG BIÑAN,Health Facility,Hospital,Government,NA,REGION IV-A (CALABARZON),0400000000,LAGUNA,0403400000,CITY OF BI?AN,0403403000,CANLALAY,0403403004,4024,+63 495114622,NA,NA,ospitalngbinan315@yahoo.com.ph,Level 1,50,Licensing Status:With License,NA
DOH000000000046477,46477,PALIMBANG BIRTHING CLINIC,Health Facility,Birthing Home,Government,MASTURA STREET CORNER DR. SARAIBA STREET,REGION XII (SOCCSKSARGEN),1200000000,SULTAN KUDARAT,1206500000,PALIMBANG,1206509000,POBLACION,1206509031,9809,NA,NA,NA,alitumama@yahoo.com,NA,2,Licensing Status:With License,NA
DOH000000000000281,281,ILOCOS SUR DISTRICT HOSPITAL - MAGSINGAL,Health Facility,Hospital,Government,NATIONAL HIGHWAY,REGION I (ILOCOS REGION),010000000,ILOCOS SUR,010290000,MAGSINGAL,010291200,SANTA MONICA,0102912038,2730,+63 777263514,NA,NA,HOSPITALMAGSINGALDISTRICT@YAHOO.COM,Level 1,25,Licensing Status:With License,NA
DOH000000000003139,3139,AIRFORCE CITY HOSPITAL,Health Facility,Hospital,Government,NINOY AQUINO AVENUE,REGION III (CENTRAL LUZON),0300000000,PAMPANGA,0305400000,MABALACAT CITY,0305409000,DAU,0305409008,2009,+63 455992014,+63 454992225,NA,NA,Level 1,25,Licensing Status:With License,NA
DOH000000000032992,32992,TARAKA RURAL HEALTH UNIT BIRTHING HOME,Health Facility,Birthing Home,Government,NA,BANGSAMORO AUTONOMOUS REGION IN MUSLIM MINDANAO (BARMM),1900000000,LANAO DEL SUR,1903600000,TARAKA,1903627000,NA,NA,NA,NA,NA,NA,NA,NA,0,Licensing Status:With License,NA
DOH000000000005946,5946,BARLIG DISTRICT HOSPITAL,Health Facility,Infirmary,Government,NA,CORDILLERA ADMINISTRATIVE REGION (CAR),140000000,MOUNTAIN PROVINCE,140440000,BARLIG,140440100,GAWANA (POB.),1404401011,2623,NA,NA,NA,BarDH1964@yahoo.com,NA,17,Licensing Status:With License,12/31/2023
DOH000000000037339,37339,BARANGAY HEALTH STATION BANGON - BIRTHING FACILITY,Health Facility,Birthing Home,Government,MARCOS STREET,REGION VIII (EASTERN VISAYAS),0800000000,NORTHERN SAMAR,0804800000,GAMAY,0804807000,BANGON,0804807002,6422,NA,NA,NA,NA,NA,2,NA,NA
DOH000000000032666,32666,BONTOC RURAL HEALTH UNIT BIRTHING CENTER,Health Facility,Birthing Home,Government,NA,REGION VIII (EASTERN VISAYAS),0800000000,SOUTHERN LEYTE,0806400000,BONTOC,0806402000,POBLACION,0806402027,NA,(053) 3823180,NA,NA,bontocrhu@gmail.com,NA,3,Licensing Status:With License,NA
DOH000000000002788,2788,PRES. DIOSDADO MACAPAGAL DISTRICT HOSPITAL,Health Facility,Infirmary,Government,NA,REGION VI (WESTERN VISAYAS),060000000,ANTIQUE,060060000,TOBIAS FORNIER,060060700,ABACA,0600607001,5716,NA,NA,NA,pdmdh@yahoo.com,NA,25,Licensing Status:With License,12/31/2023
DOH000000000039516,39516,BASAY RHU BIRTHING HOME,Health Facility,Birthing Home,Government,"RIZAL ST., PUROK 5",REGION VII (CENTRAL VISAYAS),0700000000,NEGROS ORIENTAL,0704600000,BASAY,0704605000,POBLACION,0704605010,6222,NA,NA,NA,rhubasay@yahoo.com,NA,5,NA,NA
DOH000000000038732,38732,SARRAT RHU- BIRTHING HOME,Health Facility,Birthing Home,Government,NA,REGION I (ILOCOS REGION),010000000,ILOCOS NORTE,010280000,SARRAT,010282100,SAN VICENTE (POB.),0102821020,NA,NA,NA,NA,NA,NA,1,Licensing Status:With License,NA
DOH000000000004094,4094,PANOPDOPAN DISTRICT HOSPITAL,Health Facility,Hospital,Government,BANNIT,CORDILLERA ADMINISTRATIVE REGION (CAR),140000000,IFUGAO,140270000,LAMUT,140270500,MABATOBATO,1402705007,3605,NA,NA,NA,leojonilom1@gmail.com,Level 1,25,Licensing Status:With License,12/31/2023
DOH000000000033466,33466,CITY OF CALAMBA BIRTHING FACILITY,Health Facility,Birthing Home,Government,NA,REGION IV-A (CALABARZON),0400000000,LAGUNA,0403400000,CITY OF CALAMBA,0403405000,PUNTA,0403405046,NA,+63 495451697,NA,NA,NA,NA,0,Licensing Status:With License,NA
DOH000000000038593,38593,TRINIDAD MUNICIPAL BIRTHING CLINIC,Health Facility,Birthing Home,Government,NA,REGION VII (CENTRAL VISAYAS),0700000000,BOHOL,0701200000,TRINIDAD,0701244000,POBLACION,0701244015,6324,NA,NA,NA,mhotrinidad@yahoo.com,NA,8,Licensing Status:With License,NA
DOH000000000039550,39550,SAN JUAN MUNICIPAL HEALTH OFFICE AND MATERNITY CLINIC,Health Facility,Birthing Home,Government,NA,REGION VII (CENTRAL VISAYAS),0700000000,SIQUIJOR,0706100000,SAN JUAN,0706105000,POBLACION,0706105010,6227,NA,NA,NA,mhosanjuan2019@gmail.com,NA,2,Licensing Status:With License,NA
DOH000000000003771,3771,SOUTHERN PALAWAN PROVINCIAL HOSPITAL,Health Facility,Hospital,Government,NA,MIMAROPA REGION,1700000000,PALAWAN,1705300000,BROOKE'S POINT,1705306000,PANGOBILIAN,1705306015,5305,NA,NA,NA,spphpalawan@yahoo.com.ph,Level 1,50,Licensing Status:With License,NA
DOH000000000035453,35453,ANGAT MUNICIPAL HEALTH CENTER AND BIRTHING FACILITY,Health Facility,Birthing Home,Government,MA FERNANDO AVENUE,REGION III (CENTRAL LUZON),0300000000,BULACAN,0301400000,ANGAT,0301401000,SANTA CRUZ (POB.),0301401015,NA,+63 447691208,NA,NA,eagustinbartolome@yahoo.com,NA,0,Licensing Status:With License,NA
DOH000000000006879,6879,JUSTICE CALIXTO O. ZALDIVAR MEMORIAL HOSPITAL,Health Facility,Infirmary,Government,NA,REGION VI (WESTERN VISAYAS),060000000,ANTIQUE,060060000,PANDAN,060061100,BAGUMBAYAN,0600611003,5712,+63 362789041,NA,NA,jcozmh_hospital@yahoo.com,NA,25,Licensing Status:With License,12/31/2023
DOH000000000038530,38530,BORONGAN CITY HEALTH OFFICE II - BIRTHING FACILITY,Health Facility,Birthing Home,Government,ST. RAFAEL,REGION VIII (EASTERN VISAYAS),0800000000,EASTERN SAMAR,0802600000,CITY OF BORONGAN (CAPITAL),0802604000,LALAWIGAN,0802604027,6800,NA,NA,NA,NA,NA,2,Licensing Status:With License,NA
DOH000000000040410,40410,KAMUNING LYING-IN CLINIC,Health Facility,Birthing Home,Government,19 THEODORE GENER ST. COR. K-5TH STREET,NATIONAL CAPITAL REGION (NCR),130000000,"NCR, SECOND DISTRICT (NOT A PROVINCE)",137400000,QUEZON CITY,138130000,KAMUNING,1381300048,NA,+63 0287102868,NA,NA,klic4@gmail.com,NA,10,Licensing Status:With License,NA
DOH000000000038629,38629,ALBURQUERQUE BIRTHING FACILITY,Health Facility,Birthing Home,Government,NA,REGION VII (CENTRAL VISAYAS),0700000000,BOHOL,0701200000,ALBURQUERQUE,0701201000,EAST POBLACION,0701201005,6302,+63 0385399223,63,NA,alburquerqueruralhealthunit@yahoo.com,NA,2,Licensing Status:With License,NA
DOH000000000032221,32221,TUBAO RURAL HEALTH UNIT BIRTHING HOME,Health Facility,Birthing Home,Government,HALOG STREET,REGION I (ILOCOS REGION),010000000,LA UNION,010330000,TUBAO,010332000,POBLACION,0103320017,2509,NA,NA,NA,NA,NA,2,Licensing Status:With License,NA
DOH000000000040704,40704,BETTY GO BELMONTE LYING-IN CLINIC,Health Facility,Birthing Home,Government,"Artillery St., Garcia Heights, Brgy. Holy Spirit, Quezon City",NATIONAL CAPITAL REGION (NCR),130000000,"NCR, SECOND DISTRICT (NOT A PROVINCE)",137400000,QUEZON CITY,138130000,HOLY SPIRIT,1381300140,NA,NA,NA,NA,bgblic@yahoo.com,NA,12,Licensing Status:With License,NA
DOH000000000032568,32568,BALETE BIRTHING CLINIC,Health Facility,Birthing Home,Government,JUAN C. OQUENDO ST,REGION VI (WESTERN VISAYAS),0600000000,AKLAN,0600400000,BALETE,0600402000,POBLACION,0600402011,NA,036-272-3838,NA,NA,rhubalete@yahoo.com,NA,4,Licensing Status:With License,NA
DOH000000000002853,2853,TUDELA MUNICIPAL HOSPITAL,Health Facility,Infirmary,Government,NA,REGION X (NORTHERN MINDANAO),1000000000,MISAMIS OCCIDENTAL,1004200000,TUDELA,1004216000,CENTRO NAPU (POB.),1004216012,7202,+63 885450385,NA,NA,tudelamunicipalhospital@gmail.com,NA,10,Licensing Status:With License,12/31/2023
DOH000000000038688,38688,STA. MARIA RHU-BIRTHING FACILITY,Health Facility,Birthing Home,Government,NA,REGION I (ILOCOS REGION),0100000000,PANGASINAN,0105500000,SANTA MARIA,0105539000,POBLACION WEST,0105539015,NA,63,63,NA,NA,NA,3,Licensing Status:With License,NA
DOH000000000043739,43739,CUYAPO LOCAL GOVERNMENT UNIT INFIRMARY,Health Facility,Infirmary,Government,Rizal Street,REGION III (CENTRAL LUZON),0300000000,NUEVA ECIJA,0304900000,CUYAPO,0304906000,DISTRICT I,0304906018,NA,NA,NA,NA,cuyapoinfirmary@gmail.com,N/A,13,Licensing Status:With License,09/02/2022
DOH000000000038948,38948,BARANGAY SILWAY-8 BIRTHING HOME,Health Facility,Birthing Home,Government,NA,REGION XII (SOCCSKSARGEN),1200000000,SOUTH COTABATO,1206300000,POLOMOLOK,1206312000,SILWAY 8,1206312019,9504,083-500-0128,NA,NA,silway.otsobirthinghome@gmail.com,NA,1,Licensing Status:With License,NA
DOH000000000037652,37652,POBLACION BHS AND BIRTHING CLINIC,Health Facility,Birthing Home,Government,NATIONAL HIGHWAY,REGION II (CAGAYAN VALLEY),020000000,NUEVA VIZCAYA,020500000,SANTA FE,020501200,POBLACION,0205012009,3705,NA,NA,NA,rhusantafe@gmail.com,NA,3,Licensing Status:With License,12/31/2023
DOH000000000000544,544,ELEUTERIO T. DECENA MEMORIAL HOSPITAL,Health Facility,Infirmary,Government,NA,REGION VI (WESTERN VISAYAS),060000000,NEGROS OCCIDENTAL,060450000,HINOBA-AN,060451200,BACUYANGAN,0604512003,6114,NA,NA,NA,drigzcubid_etdmh@yahoo.com,NA,10,Licensing Status:With License,12/31/2023
DOH000000000047275,47275,MASBATE CITY HEALTH OFFICE,Health Facility,Birthing Home,Government,NA,REGION V (BICOL REGION),0500000000,MASBATE,0504100000,CITY OF MASBATE (CAPITAL),0504111000,KALIPAY (POB.),0504111019,NA,NA,NA,NA,NA,NA,6,Licensing Status:With License,12/31/2024
DOH000000000033132,33132,SAN PABLO RURAL HEALTH UNIT BIRTHING CENTER,Health Facility,Birthing Home,Government,NA,REGION IX (ZAMBOANGA PENINSULA),0900000000,ZAMBOANGA DEL SUR,0907300000,SAN PABLO,0907325000,POBLACION,0907325017,7031,NA,NA,NA,NA,NA,8,Licensing Status:With License,12/31/2023
DOH000000000003223,3223,HUNGDUAN MUNICIPAL HOSPITAL,Health Facility,Infirmary,Government,TALETE,CORDILLERA ADMINISTRATIVE REGION (CAR),140000000,IFUGAO,140270000,HUNGDUAN,140270200,HAPAO,1402702019,3603,NA,NA,NA,hungduanmunicipal@yahoo.com.ph,NA,10,Licensing Status:With License,12/31/2023
DOH000000000032951,32951,PARANG RURAL HEALTH UNIT BIRTHING HOME,Health Facility,Birthing Home,Government,NA,BANGSAMORO AUTONOMOUS REGION IN MUSLIM MINDANAO (BARMM),1900000000,MAGUINDANAO DEL NORTE,1908700000,PARANG,1908709000,NA,NA,NA,NA,NA,NA,NA,NA,0,Licensing Status:With License,NA
DOH000000000036281,36281,MAGULING HEALTH CENTER AND BIRTHING HOME,Health Facility,Birthing Home,Government,PUROK LIWLIWA,REGION XII (SOCCSKSARGEN),1200000000,SARANGANI,1208000000,MAITUM,1208005000,MAGULING,1208005007,9515,NA,NA,NA,magulinghealthcenter@gmail.com,NA,1,Licensing Status:With License,NA
DOH000000000005002,5002,ILOCOS SUR PROVINCIAL HOSPITAL - GABRIELA SILANG,Health Facility,Hospital,Government,QUIRINO BOULEVARD,REGION I (ILOCOS REGION),0100000000,ILOCOS SUR,0102900000,CITY OF VIGAN (CAPITAL),0102934000,TAMAG,0102934037,2700,+63 777227339,NA,+63 777227099,PHO_GABRIELA@YAHOO.COM,Level 2,100,Licensing Status:With License,NA
DOH000000000038589,38589,SIKATUNA BIRTHING CENTER,Health Facility,Birthing Home,Government,NA,REGION VII (CENTRAL VISAYAS),0700000000,BOHOL,0701200000,SIKATUNA,0701241000,POBLACION I,0701241009,6338,+63 0384180758,63,NA,rhusikatuna@gmail.com,NA,2,Licensing Status:With License,NA
DOH000000000032955,32955,SOUTH UPI RURAL HEALTH UNIT BIRTHING HOME,Health Facility,Birthing Home,Government,NA,BANGSAMORO AUTONOMOUS REGION IN MUSLIM MINDANAO (BARMM),1900000000,MAGUINDANAO DEL SUR,1908800000,SOUTH UPI,1908822000,ROMANGAOB (POB.),1908822010,NA,NA,NA,NA,NA,NA,0,Licensing Status:With License,NA
DOH000000000033575,33575,GUINAYANGAN MUNICIPAL HEALTH OFFICE LYING IN CENTER,Health Facility,Birthing Home,Government,NA,REGION IV-A (CALABARZON),0400000000,QUEZON,0405600000,GUINAYANGAN,0405618000,CALIMPAK,0405618010,NA,+63 423034754,NA,NA,MHOGUINAYANGAN@YAHOO.COM,NA,0,Licensing Status:With License,NA
DOH000000000006686,6686,CANDELARIA DISTRICT HOSPITAL,Health Facility,Hospital,Government,PUROK 3,REGION III (CENTRAL LUZON),0300000000,ZAMBALES,0307100000,CANDELARIA,0307103000,YAMOT,0307103019,2212,NA,NA,NA,NA,Level 1,50,Licensing Status:With License,NA
DOH000000000039499,39499,TABOGON RHU AND BIRTHING CENTER,Health Facility,Birthing Home,Government,NA,REGION VII (CENTRAL VISAYAS),0700000000,CEBU,0702200000,TABOGON,0702248000,POBLACION,0702248018,6009,+63 324339096,NA,NA,tabogonrhu2018@gmail.com,NA,2,Licensing Status:With License,NA
DOH000000000038705,38705,NARVACAN RURAL HEALTH UNIT- BIRTHING FACILITY,Health Facility,Birthing Home,Government,NA,REGION I (ILOCOS REGION),010000000,ILOCOS SUR,010290000,NARVACAN,010291400,MARGAAY,0102914017,NA,NA,NA,NA,NA,NA,5,Licensing Status:With License,NA
DOH000000000003758,3758,BUGASONG MEDICARE COMMUNITY HOSPITAL,Health Facility,Infirmary,Government,NA,REGION VI (WESTERN VISAYAS),060000000,ANTIQUE,060060000,BUGASONG,060060400,ILAURES,0600604012,5704,NA,NA,NA,bugasongmch@yahoo.com,NA,15,Licensing Status:With License,12/31/2023
DOH000000000038581,38581,LOBOC RHU MATERNITY CLINIC,Health Facility,Birthing Home,Government,NA,REGION VII (CENTRAL VISAYAS),0700000000,BOHOL,0701200000,LOBOC,0701229000,POBLACION SAWANG,0701229021,6316,+63 0385379090,63,NA,rhuloboc@yahoo.com,NA,3,Licensing Status:With License,NA
DOH000000000032960,32960,TALITAY RURAL HEALTH UNIT BIRTHING HOME,Health Facility,Birthing Home,Government,NA,BANGSAMORO AUTONOMOUS REGION IN MUSLIM MINDANAO (BARMM),1900000000,MAGUINDANAO DEL NORTE,1908700000,TALITAY,1908712000,TALITAY,1908712009,NA,NA,NA,NA,NA,NA,0,Licensing Status:With License,NA
DOH000000000044532,44532,LIDLIDDA FARMERS' BASIC EMERGENCY OBSTETRIC & NEWBORN CARE - BIRTHING FACILITY,Health Facility,Birthing Home,Government,NA,REGION I (ILOCOS REGION),010000000,ILOCOS SUR,010290000,LIDLIDDA,010291100,POBLACION NORTE,0102911007,2723,NA,NA,NA,NA,NA,3,Licensing Status:With License,NA
DOH000000000046048,46048,SAN RAFAEL RURAL HEALTH UNIT AND BIRTHING FACILITY,Health Facility,Birthing Home,Government,"CAUSING ST.,",REGION VI (WESTERN VISAYAS),0600000000,ILOILO,0603000000,SAN RAFAEL,0603042000,POBLACION,0603042010,5039,NA,NA,NA,rhusanrafael@gmail.com,NA,4,Licensing Status:With License,12/31/2022
DOH000000000002117,2117,OCCIDENTAL MINDORO PROVINCIAL HOSPITAL,Health Facility,Hospital,Government,PHO COMPOUND,MIMAROPA REGION,1700000000,OCCIDENTAL MINDORO,1705100000,MAMBURAO (CAPITAL),1705106000,TAYAMAAN,1705106007,5106,NA,NA,NA,omph_pho@yahoo.com,Level 1,100,Licensing Status:With License,NA
DOH000000000032363,32363,MINALIN RURAL HEALTH UNIT AND LYING IN CLINIC,Health Facility,Birthing Home,Government,LALOMA,REGION III (CENTRAL LUZON),0300000000,PAMPANGA,0305400000,MINALIN,0305414000,SAN NICOLAS (POB.),0305414009,NA,NA,NA,NA,NA,NA,0,Licensing Status:With License,NA
DOH000000000038673,38673,DASOL RHU AND BIRTHING HOME,Health Facility,Birthing Home,Government,NA,REGION I (ILOCOS REGION),010000000,PANGASINAN,010550000,DASOL,010551900,POBLACION,0105519014,NA,63,63,NA,NA,NA,1,Licensing Status:With License,NA
DOH000000000004923,4923,CATUBIG DISTRICT HOSPITAL,Health Facility,Infirmary,Government,F. DE ASIS,REGION VIII (EASTERN VISAYAS),0800000000,NORTHERN SAMAR,0804800000,CATUBIG,0804806000,BARANGAY 1 (POB.),0804806045,6418,NA,NA,NA,NA,NA,10,Licensing Status:With License,NA
DOH000000000005667,5667,CONGRESSMAN NATALIO P. CASTILLO SENIOR MEMORIAL HOSPITAL,Health Facility,Infirmary,Government,NA,REGION VII (CENTRAL VISAYAS),0700000000,BOHOL,0701200000,LOON,0701230000,BASAC,0701230008,6327,+63 385059246,+63 385059170,+63 385059194,cmh_loon@yahoo.com.ph,NA,25,Licensing Status:With License,NA
DOH000000000035563,35563,OSPITAL NG MALABON,Health Facility,Hospital,Government,F. SEVILLA BOULEVARD,NATIONAL CAPITAL REGION (NCR),130000000,"NCR, THIRD DISTRICT (NOT A PROVINCE)",137500000,CITY OF MALABON,138040000,TA?ONG (POB.),1380400018,1470,+63 025188602,NA,NA,ospitalngmalabon@yahoo.com,Level 1,34,Licensing Status:With License,12/31/2023
DOH000000000006028,6028,LUNG CENTER OF THE PHILIPPINES,Health Facility,Hospital,Government,QUEZON AVENUE EXTENSION,NATIONAL CAPITAL REGION (NCR),1300000000,"NCR, SECOND DISTRICT (NOT A PROVINCE)",1374000000,QUEZON CITY,1381300000,CENTRAL,1381300020,NA,+63 029246101,+63 029246111,+63 029246101,lcpdirector01@gmail.com,Level 3,210,Licensing Status:With License,NA
DOH000000000032550,32550,BACON DISTRICT CITY HEALTH OFFICE BIRTHING HOME,Health Facility,Birthing Home,Government,BACON DISTRICT,REGION V (BICOL REGION),0500000000,SORSOGON,0506200000,CITY OF SORSOGON (CAPITAL),0506216000,POBLACION,0506216051,NA,NA,NA,NA,NA,NA,6,Licensing Status:With License,NA
DOH000000000003983,3983,KALUMBOYAN COMMUNITY PRIMARY HOSPITAL,Health Facility,Infirmary,Government,NA,REGION VII (CENTRAL VISAYAS),0700000000,NEGROS ORIENTAL,0704600000,CITY OF BAYAWAN,0704606000,KALUMBOYAN,0704606010,6221,NA,NA,NA,kalumboyancph@yahoo.com,NA,10,Licensing Status:With License,NA
DOH000000000003452,3452,UNIVERSITY HEALTH SERVICE,Health Facility,Hospital,Government,"NARRA ROAD, FORESTRY CAMPUS, U.P.",REGION IV-A (CALABARZON),0400000000,LAGUNA,0403400000,LOS BA?OS,0403411000,BATONG MALAKE,0403411004,4030,+63 495362470,NA,NA,NA,Level 1,30,Licensing Status:With License,NA
DOH000000000003810,3810,BUKIDNON PROVINCIAL HOSPITAL - SAN FERNANDO,Health Facility,Infirmary,Government,PUROK 10,REGION X (NORTHERN MINDANAO),1000000000,BUKIDNON,1001300000,SAN FERNANDO,1001318000,HALAPITAN (POB.),1001318022,8711,NA,NA,NA,NA,NA,10,Licensing Status:With License,12/31/2023
DOH000000000032988,32988,SAGUIARAN RURAL HEALTH UNIT BIRTHING HOME,Health Facility,Birthing Home,Government,NA,BANGSAMORO AUTONOMOUS REGION IN MUSLIM MINDANAO (BARMM),1900000000,LANAO DEL SUR,1903600000,SAGUIARAN,1903625000,POBLACION,1903625033,NA,NA,NA,NA,NA,NA,0,Licensing Status:With License,NA
DOH000000000032761,32761,CARMEN HEALTH CENTER AND LYING IN CLINIC,Health Facility,Birthing Home,Government,NA,REGION X (NORTHERN MINDANAO),1000000000,MISAMIS ORIENTAL,1030500000,CITY OF CAGAYAN DE ORO (CAPITAL),1030500000,CARMEN,1030500044,NA,+63 888573184,NA,NA,CDOCITYHEALTHOFFICE@GMAIL.COM,NA,0,Licensing Status:With License,NA
DOH000000000000272,272,JAMES L. GORDON MEMORIAL HOSPITAL,Health Facility,Hospital,Government,NO. 1 PERIMETER ROAD,REGION III (CENTRAL LUZON),0300000000,ZAMBALES,0331400000,CITY OF OLONGAPO,0331400000,ASINAN,0331400001,2200,+63 476021229,+63 476021230,+63 476021228,jlghospital@gmail.com,Level 3,270,Licensing Status:With License,NA
DOH000000000032271,32271,BEMONC MARIVELES,Health Facility,Birthing Home,Government,MUNICIPAL COMPOUND,REGION III (CENTRAL LUZON),0300000000,BATAAN,0300800000,MARIVELES,0300807000,POBLACION,0300807008,NA,+63 476334320,NA,NA,armiemoog@gmail.com,NA,0,Licensing Status:With License,NA
DOH000000000006596,6596,TONDO MEDICAL CENTER,Health Facility,Hospital,Government,HONORIO LOPEZ BOULEVARD,NATIONAL CAPITAL REGION (NCR),1300000000,"NCR, CITY OF MANILA, FIRST DISTRICT (NOT A PROVINCE)",1380600000,TONDO I/II,1380601000,BARANGAY 126,1380601126,1012,+63 025221174,+63 025229244,+63 022528661,tmcmcc2015@yahoo.com,Level 3,200,Licensing Status:With License,NA
DOH000000000043967,43967,RURAL HEALTH UNIT II-DAET,Health Related Facility,Birthing Home,Government,MAGALLANES ILAOD,REGION V (BICOL REGION),0500000000,CAMARINES NORTE,0501600000,DAET (CAPITAL),0501603000,BARANGAY I (POB.),0501603024,4600,NA,NA,NA,rhu2daet@gmail.com,NA,0,Licensing Status:With License,12/31/2024
DOH000000000004320,4320,BAYAMBANG DISTRICT HOSPITAL,Health Facility,Hospital,Government,NA,REGION I (ILOCOS REGION),010000000,PANGASINAN,010550000,BAYAMBANG,010551100,BICAL NORTE,0105511016,2423,+63 755922958,NA,NA,bayambang_districthospital80@yahoo.com,Level 1,89,Licensing Status:With License,NA
DOH000000000032209,32209,CALAYAN INFIRMARY,Health Facility,Infirmary,Government,A. ESCALANTE,REGION II (CAGAYAN VALLEY),020000000,CAGAYAN,020150000,CALAYAN,020150900,POBLACION,0201509008,3520,NA,NA,NA,bricks027@yahoo.com.ph,NA,10,Licensing Status:With License,12/31/2023
DOH000000000039121,39121,RURAL HEALTH UNIT OF TUBAJON AND BIRTHING FACILITY,Health Facility,Birthing Home,Government,NA,REGION XIII (CARAGA),1600000000,DINAGAT ISLANDS,1608500000,TUBAJON,1608507000,SAN VICENTE (POB.),1608507008,8426,NA,NA,NA,tubajonrhu@gmail.com,NA,3,Licensing Status:With License,NA
DOH000000000032226,32226,ANDA RURAL HEALTH UNIT BIRTHING FACILITY,Health Facility,Birthing Home,Government,NA,REGION I (ILOCOS REGION),010000000,PANGASINAN,010550000,ANDA,010550500,POBLACION,0105505014,NA,NA,NA,NA,NA,NA,3,Licensing Status:With License,NA
DOH000000000000597,597,KAPATAGAN PROVINCIAL HOSPITAL,Health Facility,Hospital,Government,NA,REGION X (NORTHERN MINDANAO),1000000000,LANAO DEL NORTE,1003500000,KAPATAGAN,1003505000,POBLACION,1003505036,9214,+63 633828030,NA,NA,KAPATAGANPROVINCIALHOSPITAL@GMAIL.COM,Level 1,100,Licensing Status:With License,NA
DOH000000000004418,4418,LAGUNA PROVINCIAL HOSPITAL - GEN. J. CAILLES MEMORIAL DISTRICT HOSPITAL,Health Facility,Hospital,Government,TAVERA STREET,REGION IV-A (CALABARZON),0400000000,LAGUNA,0403400000,PAKIL,0403420000,TAVERA (POB.),0403420013,4017,+63 495570213,+63 495570214,+63 495570215,caillesjuan@yahoo.com.ph,Level 1,50,Licensing Status:With License,NA
DOH000000000004396,4396,SARANGANI PROVINCIAL HOSPITAL - GLAN,Health Facility,Hospital,Government,D. CANIA STREET,REGION XII (SOCCSKSARGEN),1200000000,SARANGANI,1208000000,GLAN,1208002000,POBLACION,1208002023,9517,083-2621065,NA,NA,gmch2009@yahoo.com,Level 1,30,Licensing Status:With License,NA
DOH000000000007500,7500,BURUANGA MUNICIPAL HOSPITAL,Health Facility,Infirmary,Government,NA,REGION VI (WESTERN VISAYAS),060000000,AKLAN,060040000,BURUANGA,060040500,POBLACION,0600405012,5609,NA,NA,NA,buruangamh1974@yahoo.com,NA,15,Licensing Status:With License,12/31/2023
DOH000000000045894,45894,AJUY BIRTHING CENTER,Health Facility,Birthing Home,Government,RIZAL STREET,REGION VI (WESTERN VISAYAS),0600000000,ILOILO,0603000000,AJUY,0603001000,POBLACION,0603001022,5012,033-331-9790,NA,NA,ajuy_rhu11@yahoo.com,NA,4,Licensing Status:With License,12/31/2023
DOH000000000033111,33111,DINAS RURAL HEALTH UNIT BIRTHING HOME,Health Facility,Birthing Home,Government,NA,REGION IX (ZAMBOANGA PENINSULA),0900000000,ZAMBOANGA DEL SUR,0907300000,DINAS,0907306000,POBLACION,0907306020,NA,NA,NA,NA,NA,NA,0,Licensing Status:With License,NA
DOH000000000004297,4297,SAN LUIS DISTRICT HOSPITAL,Health Facility,Hospital,Government,NA,REGION III (CENTRAL LUZON),0300000000,PAMPANGA,0305400000,SAN LUIS,0305417000,SANTA LUCIA,0305417013,2014,NA,NA,NA,sldhosp@yahoo.com,Level 1,25,Licensing Status:With License,NA
DOH000000000006031,6031,SARANGANI PROVINCIAL HOSPITAL - MALUNGON,Health Facility,Hospital,Government,PUROK MALIWANAG,REGION XII (SOCCSKSARGEN),1200000000,SARANGANI,1208000000,MALUNGON,1208007000,POBLACION,1208007023,9503,(083) 8260379,NA,NA,sphmalungon@gmail.com,Level 1,25,Licensing Status:With License,NA
DOH000000000035442,35442,MONCADA BIRTHING HOME,Health Facility,Birthing Home,Government,NA,REGION III (CENTRAL LUZON),0300000000,TARLAC,0306900000,MONCADA,0306909000,POBLACION 1,0306909020,NA,NA,NA,NA,NA,NA,0,Licensing Status:With License,NA
DOH000000000033076,33076,ISABELA WEST BIRTHING HOME,Health Facility,Birthing Home,Government,NA,REGION IX (ZAMBOANGA PENINSULA),0900000000,CITY OF ISABELA (NOT A PROVINCE),0990100000,CITY OF ISABELA,0990101000,TABUK (POB.),0990101051,NA,NA,NA,NA,NA,NA,0,Licensing Status:With License,NA
DOH000000000002159,2159,MANITO MUNICIPAL HOSPITAL,Health Facility,Infirmary,Government,P-7 J. SAÑEZ STREET,REGION V (BICOL REGION),050000000,ALBAY,050050000,MANITO,050051100,IT-BA (POB.),0500511010,4514,+63 522840644,NA,NA,manitomunicipal@yahoo.com,N/A,10,Licensing Status:With License,12/31/2023
DOH000000000005358,5358,CITY OF CANDON HOSPITAL,Health Facility,Hospital,Government,NATIONAL HIGHWAY,REGION I (ILOCOS REGION),0100000000,ILOCOS SUR,0102900000,CITY OF CANDON,0102906000,SAN NICOLAS,0102906040,2710,+63 777425675,NA,+63 777425675,CITYOFCANDONHOSPITAL@YAHOO.COM,Level 2,25,Licensing Status:With License,NA
DOH000000000007503,7503,CALATRAVA MUNICIPAL HOSPITAL,Health Facility,Infirmary,Government,NA,REGION VI (WESTERN VISAYAS),060000000,NEGROS OCCIDENTAL,060450000,CALATRAVA,060450500,LO-OK (POB.),0604505019,6126,+63 347277779,NA,NA,hospitalcalatrava@yahoo.com,NA,10,Licensing Status:With License,12/31/2023
DOH000000000038769,38769,CEBU CITY GOVERNMENT/CARRETA LYING-IN AND HEALTH CENTER,Health Facility,Birthing Home,Government,GENERAL MAXILOM AVENUE EXTENSION,REGION VII (CENTRAL VISAYAS),0700000000,CEBU,0730600000,CITY OF CEBU (CAPITAL),0730600000,CARRETA,0730600021,6000,+63 324160826,NA,NA,plukjen.ibarita@gmail.com,NA,3,Licensing Status:With License,NA
DOH000000000033846,33846,CALUMPANG BARANGAY HEALTH STATION AND BIRTHING CENTER,Health Facility,Birthing Home,Government,"ZONE 3, JUNTADO SUBDIVISION",REGION VI (WESTERN VISAYAS),0600000000,ILOILO,0631000000,CITY OF ILOILO (CAPITAL),0631000000,CALUMPANG,0631000032,5000,+63 327-4549,NA,NA,dr.pippintayo@gmail.com,NA,2,Licensing Status:With License,01/01/2022
DOH000000000033156,33156,TETUAN MAIN HEALTH CENTER BIRTHING HOME,Health Facility,Birthing Home,Government,NA,REGION IX (ZAMBOANGA PENINSULA),0900000000,ZAMBOANGA DEL SUR,0931700000,CITY OF ZAMBOANGA,0931700000,TETUAN,0931700087,7000,9953397,NA,NA,NA,NA,3,Licensing Status:With License,NA
DOH000000000035440,35440,MAYANTOC RURAL HEALTH UNIT BIRTHING HOME,Health Facility,Birthing Home,Government,PROVINCIAL ROAD,REGION III (CENTRAL LUZON),0300000000,TARLAC,0306900000,MAYANTOC,0306908000,POBLACION SUR,0306908019,2304,(045) 4915005,NA,NA,RHUMayantoc5005@yahoo.com,NA,2,Licensing Status:With License,NA
DOH000000000002983,2983,CASIGURAN DISTRICT HOSPITAL,Health Facility,Infirmary,Government,NA,REGION III (CENTRAL LUZON),0300000000,AURORA,0307700000,CASIGURAN,0307702000,MARIKIT,0307702016,3204,NA,NA,NA,records_cdh2015 @gmail.com,NA,29,Licensing Status:With License,NA
DOH000000000032931,32931,DATU ANGGAL MIDTIMBANG RURAL HEALTH UNIT BIRTHING HOME,Health Facility,Birthing Home,Government,NA,BANGSAMORO AUTONOMOUS REGION IN MUSLIM MINDANAO (BARMM),1900000000,MAGUINDANAO DEL SUR,1908800000,DATU ANGGAL MIDTIMBANG,1908804000,ADAON,1908804001,NA,NA,NA,NA,NA,NA,0,Licensing Status:With License,NA
DOH000000000004113,4113,PAGAMUTANG BAYAN NG CARMONA,Health Facility,Infirmary,Government,252 SAN JOSE STREET,REGION IV-A (CALABARZON),0400000000,CAVITE,0402100000,CARMONA,0402104000,BARANGAY 2 (POB.),0402104013,4116,+63 464301644,NA,NA,NA,NA,15,Licensing Status:With License,NA
DOH000000000037942,37942,AWUYON COMMUNITY MUNICIPAL HOSPITAL,Health Facility,Infirmary,Government,GOVERNOR GENEROSO STREET,REGION XI (DAVAO REGION),110000000,DAVAO ORIENTAL,110250000,BAGANGA,110250100,CENTRAL (POB.),1102501008,NA,087 306 2535,NA,+63 9459962959,acmhospital@gmail.com,NA,15,Licensing Status:With License,12/31/2023
DOH000000000032971,32971,GANNASI RURAL HEALTH UNIT BIRTHING HOME,Health Facility,Birthing Home,Government,NA,BANGSAMORO AUTONOMOUS REGION IN MUSLIM MINDANAO (BARMM),1900000000,LANAO DEL SUR,1903600000,GANASSI,1903609000,POBLACION,1903609018,NA,NA,NA,NA,NA,NA,0,Licensing Status:With License,NA
DOH000000000036273,36273,LUN PADIDU BIRTHING HOME,Health Facility,Birthing Home,Government,NA,REGION XII (SOCCSKSARGEN),1200000000,SARANGANI,1208000000,MALAPATAN,1208006000,LUN PADIDU,1208006006,9516,NA,NA,NA,rhumalpob@yahoo.com,NA,4,Licensing Status:With License,NA
DOH000000000003587,3587,TAYUM RURAL HEALTH UNIT,Health Facility,Birthing Home,Government,NA,CORDILLERA ADMINISTRATIVE REGION (CAR),140000000,ABRA,140010000,TAYUM,140012400,POBLACION,1400124010,2803,NA,NA,NA,tayumrhu@yahoo.com,NA,0,Licensing Status:With License,12/31/2023
DOH000000000032449,32449,LEGAZPI CHO - NORTHERN DISTRICT MATERNITY LYING-IN CLINIC,Health Facility,Birthing Home,Government,NA,REGION V (BICOL REGION),0500000000,ALBAY,0500500000,CITY OF LEGAZPI (CAPITAL),0500506000,BGY. 51 - BUYUAN,0500506049,NA,+63 524800695,NA,NA,NA,NA,4,Licensing Status:With License,12/31/2024
DOH000000000033025,33025,TUBURAN RURAL HEALTH UNIT BIRTHING HOME,Health Facility,Birthing Home,Government,NA,BANGSAMORO AUTONOMOUS REGION IN MUSLIM MINDANAO (BARMM),1900000000,BASILAN,1900700000,TUBURAN,1900707000,TABLAS USEW,1900707033,NA,NA,NA,NA,NA,NA,0,Licensing Status:With License,NA
DOH000000000004124,4124,QUEZON CITY GENERAL HOSPITAL,Health Facility,Hospital,Government,"SEMINARY ROAD, EDSA",NATIONAL CAPITAL REGION (NCR),1300000000,"NCR, SECOND DISTRICT (NOT A PROVINCE)",1374000000,QUEZON CITY,1381300000,BAHAY TORO,1381300012,NA,+63 024261383,+63 024261321,+63 029207081,qcghdo@gmail.com,Level 3,250,Licensing Status:With License,NA
DOH000000000002343,2343,ROSARIO MUNICIPAL HEALTH UNIT AND FAMILY PLANNING HEALTH CLINIC,Health Facility,Birthing Home,Government,AQUITANIA ST.,REGION I (ILOCOS REGION),010000000,LA UNION,010330000,ROSARIO,010331300,POBLACION EAST,0103313022,2506,(072) 619-6014,NA,NA,rhurosariolaunion@gmail.com,NA,0,NA,NA
DOH000000000030126,30126,SAGÑAY INFIRMARY,Health Facility,Infirmary,Government,NA,REGION V (BICOL REGION),050000000,CAMARINES SUR,050170000,SAG?AY,050173100,SAN ROQUE (POB.),0501731018,4421,NA,NA,NA,sagnayinfirmary@gmail.com,NA,15,Licensing Status:With License,12/31/2023
DOH000000000003498,3498,OSPITAL NG MAYNILA MEDICAL CENTER,Health Facility,Hospital,Government,"PRES. QUIRINO AVENUE, CORNER ROXAS BOULEVARD",NATIONAL CAPITAL REGION (NCR),1300000000,"NCR, CITY OF MANILA, FIRST DISTRICT (NOT A PROVINCE)",1380600000,MALATE,1380610000,BARANGAY 700,1380610015,1004,+63 025246063,+63 025246064,+63 025218490,ommc_a@yahoo.com,Level 3,300,Licensing Status:With License,NA
DOH000000000039904,39904,BAUAN RURAL HEALTH UNIT II,Health Facility,Birthing Home,Government,C. Ingco Street,REGION IV-A (CALABARZON),0400000000,BATANGAS,0401000000,BAUAN,0401006000,APLAYA,0401006002,4201,+63 439809147,NA,NA,rhu_bauan2@yahoo.com,NA,2,Licensing Status:With License,NA
DOH000000000005733,5733,ITOGON DISTRICT HOSPITAL,Health Facility,Infirmary,Government,SITIO KERENG,CORDILLERA ADMINISTRATIVE REGION (CAR),140000000,BENGUET,140110000,ITOGON,140110600,TINONGDAN,1401106006,2604,NA,NA,NA,itogondistricthospital@benguet.gov.ph,NA,10,Licensing Status:With License,12/31/2023
DOH000000000038542,38542,HINUNDAYAN RURAL HEALTH UNIT - BIRTHING FACILITY,Health Facility,Birthing Home,Government,ANTIPALA STREET,REGION VIII (EASTERN VISAYAS),0800000000,SOUTHERN LEYTE,0806400000,HINUNDAYAN,0806404000,DISTRICT I (POB.),0806404008,6609,NA,NA,NA,NA,NA,2,Licensing Status:With License,NA
DOH000000000039546,39546,MARIA RURAL HEATH UNIT BIRTHING CENTER,Health Facility,Birthing Home,Government,NA,REGION VII (CENTRAL VISAYAS),0700000000,SIQUIJOR,0706100000,MARIA,0706104000,POBLACION SUR,0706104020,6229,NA,NA,NA,rhu_maria@yahoo.com,NA,2,Licensing Status:With License,NA
DOH000000000002777,2777,ILOCOS TRAINING AND REGIONAL MEDICAL CENTER,Health Facility,Hospital,Government,QUEZON AVENUE,REGION I (ILOCOS REGION),0100000000,LA UNION,0103300000,CITY OF SAN FERNANDO (CAPITAL),0103314000,PARIAN,0103314045,2500,+63 726076422,NA,+63 728883671,ITRMC2010@YAHOO.COM,Level 3,300,Licensing Status:With License,NA
DOH000000000040412,40412,QUEZON CITY HEALTH DEPARTMENT - MURPHY LYING IN CLINIC,Health Facility,Birthing Home,Government,18TH AVENUE,NATIONAL CAPITAL REGION (NCR),1300000000,"NCR, SECOND DISTRICT (NOT A PROVINCE)",1374000000,QUEZON CITY,1381300000,SAN ROQUE,1381300102,NA,NA,NA,NA,murphylicqcd3@gmail.com,NA,10,Licensing Status:With License,NA
DOH000000000047410,47410,KOLONG KOLONG BIRTHING HOME,Health Facility,Birthing Home,Government,NATIONAL HIGHWAY,REGION XII (SOCCSKSARGEN),1200000000,SULTAN KUDARAT,1206500000,PALIMBANG,1206509000,KULONG-KULONG,1206509017,9809,NA,NA,NA,NA,NA,1,NA,NA
DOH000000000032941,32941,KABUNTALAN RURAL HEALTH UNIT BIRTHING HOME,Health Facility,Birthing Home,Government,NA,BANGSAMORO AUTONOMOUS REGION IN MUSLIM MINDANAO (BARMM),1900000000,MAGUINDANAO DEL NORTE,1908700000,KABUNTALAN,1908706000,LOWER TAVIRAN,1908706009,NA,NA,NA,NA,NA,NA,0,Licensing Status:With License,NA
DOH000000000000268,268,DAVAO REGIONAL MEDICAL CENTER,Health Facility,Hospital,Government,NA,REGION XI (DAVAO REGION),1100000000,DAVAO DEL NORTE,1102300000,CITY OF TAGUM (CAPITAL),1102319000,APOKON,1102319001,8100,+63 842169157,NA,NA,NA,Level 3,600,Licensing Status:With License,NA
DOH000000000007971,7971,WILFREDO C. PALMA MEMORIAL HOSPITAL,Health Facility,Infirmary,Government,NA,REGION IX (ZAMBOANGA PENINSULA),0900000000,ZAMBOANGA SIBUGAY,0908300000,DIPLAHAN,0908303000,POBLACION,0908303004,7039,NA,NA,NA,mho.diplahan@gmail.com,NA,12,Licensing Status:With License,12/31/2023
DOH000000000035425,35425,CITY OF MEYCAUAYAN BIRTHING STATION,Health Facility,Birthing Home,Government,NA,REGION III (CENTRAL LUZON),0300000000,BULACAN,0301400000,CITY OF MEYCAUAYAN,0301412000,POBLACION,0301412020,NA,NA,NA,NA,NA,NA,0,Licensing Status:With License,NA
DOH000000000038552,38552,SAN JUAN BIRTHING HOME,Health Facility,Birthing Home,Government,NA,REGION I (ILOCOS REGION),010000000,LA UNION,010330000,SAN JUAN,010331600,ILI SUR (POB.),0103316021,NA,NA,NA,NA,NA,NA,2,Licensing Status:With License,NA
DOH000000000038587,38587,SEVILLA RURAL HEALTH UNIT AND BIRTHING CENTER,Health Facility,Birthing Home,Government,NA,REGION VII (CENTRAL VISAYAS),0700000000,BOHOL,0701200000,SEVILLA,0701239000,POBLACION,0701239014,6347,63,63,NA,rhusevilla@yahoo.com,NA,3,Licensing Status:With License,NA
DOH000000000000499,499,DR. JOSE FABELLA MEMORIAL HOSPITAL,Health Facility,Hospital,Government,LOPE DE VEGA STREET,NATIONAL CAPITAL REGION (NCR),1300000000,"NCR, CITY OF MANILA, FIRST DISTRICT (NOT A PROVINCE)",1380600000,SANTA CRUZ,1380605000,BARANGAY 311,1380605013,1003,+63 027345561,+63 023146009,+63 027357146,JFMH@DOH.GOV.PH,Level 3,700,Licensing Status:With License,NA
DOH000000000032365,32365,SAN SIMON RURAL HEALTH UNIT BIRTHING STATION,Health Facility,Birthing Home,Government,NA,REGION III (CENTRAL LUZON),0300000000,PAMPANGA,0305400000,SAN SIMON,0305418000,SAN JOSE,0305418006,NA,NA,NA,NA,NA,NA,0,Licensing Status:With License,NA
DOH000000000040571,40571,CANUMAY WEST LYING IN CLINIC,Health Facility,Birthing Home,Government,"9 T. Santiago St.,",NATIONAL CAPITAL REGION (NCR),1300000000,"NCR, THIRD DISTRICT (NOT A PROVINCE)",1375000000,CITY OF VALENZUELA,1381600000,CANUMAY WEST,1381600007,NA,NA,NA,NA,NA,NA,2,Licensing Status:With License,NA
DOH000000000032236,32236,BALUNGAO RURAL HEALTH UNIT BIRTHING FACILITY,Health Facility,Birthing Home,Government,NA,REGION I (ILOCOS REGION),010000000,PANGASINAN,010550000,BALUNGAO,010550700,POBLACION,0105507008,NA,NA,NA,NA,NA,NA,3,Licensing Status:With License,NA
DOH000000000005938,5938,TORRIJOS MUNICIPAL HOSPITAL,Health Facility,Infirmary,Government,RIZAL STREET,MIMAROPA REGION,1700000000,MARINDUQUE,1704000000,TORRIJOS,1704006000,POBLACION,1704006020,4903,(042) 7530218,NA,NA,dojosine@yahoo.com,NA,10,Licensing Status:With License,NA
DOH000000000042725,42725,QUEZON HEALTH CENTER INFIRMARY,Health Facility,Infirmary,Government,Balangay 3,REGION X (NORTHERN MINDANAO),1000000000,BUKIDNON,1001300000,QUEZON,1001317000,POBLACION,1001317028,8715,NA,NA,NA,lgu.quezon.bukidnon@gmail.com,NA,17,Licensing Status:With License,12/31/2023
DOH000000000039469,39469,SAMBOAN BIRTHING CENTER,Health Facility,Birthing Home,Government,NA,REGION VII (CENTRAL VISAYAS),0700000000,CEBU,0702200000,SAMBOAN,0702240000,POBLACION,0702240011,6027,+63 324790141,NA,NA,samboanrhu@gmail.com,NA,3,Licensing Status:With License,NA
DOH000000000037738,37738,TANDAG CITY HEALTH OFFICE AND BIRTHING CLINIC,Health Facility,Birthing Home,Government,COR. DELICONA AND QUEZON STREET,REGION XIII (CARAGA),1600000000,SURIGAO DEL SUR,1606800000,CITY OF TANDAG (CAPITAL),1606819000,DAGOCDOC (POB.),1606819006,8300,(086) 2113349,NA,NA,cityhealthoffice_tandagcity@yahoo.com,NA,3,Licensing Status:With License,NA
DOH000000000039068,39068,"CITY OF IMUS DOCTORS HOSPITAL, INC.",Health Facility,Hospital,Government,NA,REGION IV-A (CALABARZON),0400000000,CAVITE,0402100000,CITY OF IMUS,0402109000,ALAPAN I-A,0402109001,NA,NA,NA,NA,NA,Level 2,100,Licensing Status:With License,NA
DOH000000000032414,32414,SANTA IGNACIA RURAL HEALTH UNIT AND LYING IN CLINIC,Health Facility,Birthing Home,Government,IGNACIO STREET,REGION III (CENTRAL LUZON),0300000000,TARLAC,0306900000,SANTA IGNACIA,0306915000,POBLACION WEST,0306915014,2303,606-3101,NA,NA,LGU_SANTA_IGNACIA@yahoo.com,NA,3,Licensing Status:With License,NA
DOH000000000037972,37972,IRIGA CITY BIRTHING HOME,Health Facility,Birthing Home,Government,ZONE 3,REGION V (BICOL REGION),0500000000,CAMARINES SUR,0501700000,CITY OF IRIGA,0501716000,SAN ISIDRO,0501716017,NA,NA,NA,NA,NA,NA,1,Licensing Status:With License,NA
DOH000000000037720,37720,"CARMEN RHU, ADN",Health Facility,Birthing Home,Government,NA,REGION XIII (CARAGA),160000000,AGUSAN DEL NORTE,160020000,CARMEN,160020400,POBLACION,1600204009,NA,NA,NA,NA,carmenrhu@gmail.com,NA,3,Licensing Status:With License,NA
DOH000000000000657,657,JIMENEZ MEDICARE COMMUNITY HOSPITAL,Health Facility,Infirmary,Government,59 GOMEZ STREET,REGION X (NORTHERN MINDANAO),1000000000,MISAMIS OCCIDENTAL,1004200000,JIMENEZ,1004207000,NACIONAL (POB.),1004207016,7204,+63 882723911,+63 885451543,NA,jmch59@gmail.com,NA,15,Licensing Status:With License,12/31/2023
DOH000000000044526,44526,BANAYOYO RHU - FARMERS' BIRTHING CLINIC,Health Facility,Birthing Home,Government,NA,REGION I (ILOCOS REGION),0100000000,ILOCOS SUR,0102900000,BANAYOYO,0102902000,POBLACION,0102902015,2708,NA,NA,NA,banayoyorhu@yahoo.com,NA,2,Licensing Status:With License,NA
DOH000000000001810,1810,SAN MIGUEL HOSPITAL,Health Facility,Infirmary,Government,NA,REGION VII (CENTRAL VISAYAS),0700000000,BOHOL,0701200000,SAN MIGUEL,0701238000,POBLACION,0701238014,6323,NA,NA,NA,sanmiguelhosp2009@yahoo.com.ph,NA,10,Licensing Status:With License,NA
DOH000000000033534,33534,BAGUIO BARANGAY HEALTH STATION BIRTHING HOME,Health Facility,Birthing Home,Government,NA,REGION IV-A (CALABARZON),0400000000,QUEZON,0405600000,CITY OF TAYABAS,0405647000,BAGUIO,0405647013,NA,NA,NA,NA,NA,NA,0,Licensing Status:With License,NA
DOH000000000000622,622,LOBO MUNICIPAL HOSPITAL,Health Facility,Hospital,Government,NA,REGION IV-A (CALABARZON),0400000000,BATANGAS,0401000000,LOBO,0401015000,FABRICA,0401015009,4229,NA,NA,NA,lobo_municipal_hospital@yahoo.com,Level 1,14,Licensing Status:With License,NA
DOH000000000032962,32962,BALABAGAN RURAL HEALTH UNIT BIRTHING HOME,Health Facility,Birthing Home,Government,NA,BANGSAMORO AUTONOMOUS REGION IN MUSLIM MINDANAO (BARMM),1900000000,LANAO DEL SUR,1903600000,BALABAGAN,1903602000,POBLACION,1903602039,NA,NA,NA,NA,NA,NA,0,Licensing Status:With License,NA
DOH000000000038703,38703,MUNICIPAL HEALTH OFFICE SANTO DOMINGO BIRTHING FACILITY,Health Facility,Birthing Home,Government,NA,REGION I (ILOCOS REGION),0100000000,ILOCOS SUR,0102900000,SANTO DOMINGO,0102928000,SAN PABLO,0102928033,NA,NA,NA,NA,NA,NA,2,Licensing Status:With License,NA
DOH000000000047621,47621,BARANGAY BACALAN HEALTH STATION/BIRTHING CLINIC,Health Facility,Birthing Home,Government,NA,REGION VI (WESTERN VISAYAS),0600000000,ANTIQUE,0600600000,SEBASTE,0600615000,BACALAN,0600615005,NA,NA,NA,NA,lorielievalde@gmail.com,NA,1,Licensing Status:With License,12/31/2023
DOH000000000032622,32622,LAPINIG RURAL HEALTH UNIT AND FAMILY PLANNING CENTER,Health Facility,Birthing Home,Government,LIAD STREET,REGION VIII (EASTERN VISAYAS),0800000000,NORTHERN SAMAR,0804800000,LAPINIG,0804809000,LAPINIG DEL SUR (POB.),0804809007,6423,NA,NA,NA,rhulapinig123@gmail.com,NA,2,Licensing Status:With License,NA
DOH000000000033005,33005,TALIPAO RURAL HEALTH UNIT BIRTHING HOME,Health Facility,Birthing Home,Government,NA,BANGSAMORO AUTONOMOUS REGION IN MUSLIM MINDANAO (BARMM),1900000000,SULU,1906600000,TALIPAO,1906613000,BILAAN (POB.),1906613004,NA,NA,NA,NA,NA,NA,0,Licensing Status:With License,NA
DOH000000000037978,37978,BULA RHU-I BIRTHING FACILITY,Health Facility,Birthing Home,Government,NA,REGION V (BICOL REGION),0500000000,CAMARINES SUR,0501700000,BULA,0501706000,SALVACION (POB.),0501706022,NA,NA,NA,NA,NA,NA,2,Licensing Status:With License,NA
DOH000000000000716,716,PIÑAN DISTRICT HOSPITAL,Health Facility,Infirmary,Government,NA,REGION IX (ZAMBOANGA PENINSULA),0900000000,ZAMBOANGA DEL NORTE,0907200000,PI?AN,0907209000,POBLACION NORTH,0907209013,7105,NA,NA,NA,pinan718pdh@gmail.com,NA,25,Licensing Status:With License,12/31/2023
DOH000000000044610,44610,BAGUMBAYAN INFIRMARY,Health Facility,Infirmary,Government,PUROK LAUREL,REGION XII (SOCCSKSARGEN),1200000000,SULTAN KUDARAT,1206500000,BAGUMBAYAN,1206501000,POBLACION,1206501009,9810,064-4711096,NA,NA,infirmarybagumbayan@gmail.com,NA,12,Licensing Status:With License,NA
DOH000000000006572,6572,FEDERICO ROMAN TIRADOR SR. MEMORIAL DISTRICT HOSPITAL,Health Facility,Hospital,Government,NA,REGION VI (WESTERN VISAYAS),060000000,ILOILO,060300000,JANIUAY,060302300,JIBOLO,0603023025,5034,+63 333171319,NA,NA,NA,Level 1,50,Licensing Status:With License,12/31/2023
DOH000000000037401,37401,VILLANUEVA LYING-IN,Health Facility,Birthing Home,Government,NA,REGION X (NORTHERN MINDANAO),1000000000,MISAMIS ORIENTAL,1004300000,VILLANUEVA,1004326000,NA,NA,NA,NA,NA,NA,NA,NA,0,Licensing Status:With License,NA
DOH000000000000459,459,COTABATO REGIONAL AND MEDICAL CENTER,Health Facility,Hospital,Government,SINSUAT AVENUE,BANGSAMORO AUTONOMOUS REGION IN MUSLIM MINDANAO (BARMM),1900000000,MAGUINDANAO DEL NORTE,1908700000,CITY OF COTABATO,1908703000,ROSARY HEIGHTS,1908703004,9600,+63 644212192,NA,+63 644212192,NA,Level 3,375,Licensing Status:With License,NA
DOH000000000002405,2405,CONCEPCION DISTRICT HOSPITAL,Health Facility,Hospital,Government,ST. JUDE VILLAGE,REGION III (CENTRAL LUZON),0300000000,TARLAC,0306900000,CONCEPCION,0306905000,ALFONSO,0306905001,2316,+63 459230852,NA,NA,rhuconcepcion@yahoo.com,Level 1,50,Licensing Status:With License,NA
DOH000000000045032,45032,V & G DISTRICT HEALTH CENTER AND BIRTHING FACILITY,Health Facility,Birthing Home,Government,ST. PAULS ST.,REGION VIII (EASTERN VISAYAS),0800000000,LEYTE,0831600000,CITY OF TACLOBAN (CAPITAL),0831600000,BARANGAY 109,0831600134,6500,NA,NA,NA,NA,NA,2,Licensing Status:With License,NA
DOH000000000002974,2974,ARAKAN VALLEY DISTRICT HOSPITAL,Health Facility,Infirmary,Government,NA,REGION XII (SOCCSKSARGEN),1200000000,COTABATO,1204700000,ANTIPAS,1204715000,MAGSAYSAY,1204715006,9414,+63 645230378,NA,NA,avdh_antipas@yahoo.com,NA,18,Licensing Status:With License,NA
DOH000000000045911,45911,ANINI-Y RHU,Health Facility,Birthing Home,Government,NA,REGION VI (WESTERN VISAYAS),0600000000,ANTIQUE,0600600000,ANINI-Y,0600601000,POBLACION,0600601017,5717,NA,NA,NA,aniniyrhu@gmail.com,NA,3,Licensing Status:With License,12/31/2023
DOH000000000005034,5034,WESTERN VISAYAS MEDICAL CENTER,Health Facility,Hospital,Government,MANDURRIAO,REGION VI (WESTERN VISAYAS),0600000000,ILOILO,0631000000,CITY OF ILOILO (CAPITAL),0631000000,ABETO MIRASOL TAFT SOUTH,0631000178,5000,+63 333211797,NA,NA,NA,Level 3,400,Licensing Status:With License,NA
DOH000000000033576,33576,MULANAY RURAL HEALTH UNIT MATERNAL AND CHILD CLINIC,Health Facility,Birthing Home,Government,RIZAL STREET,REGION IV-A (CALABARZON),0400000000,QUEZON,0405600000,MULANAY,0405628000,BARANGAY 1 (POB.),0405628006,NA,NA,NA,NA,NA,NA,0,Licensing Status:With License,NA
DOH000000000032339,32339,NAMPICUAN RURAL HEALTH UNIT AND BIRTHING STATION,Health Facility,Birthing Home,Government,NA,REGION III (CENTRAL LUZON),0300000000,NUEVA ECIJA,0304900000,NAMPICUAN,0304918000,NORTH POBLACION,0304918016,NA,NA,NA,NA,NA,NA,0,Licensing Status:With License,NA
DOH000000000000483,483,DON MANUEL LOPEZ MEMORIAL DISTRICT HOSPITAL,Health Facility,Hospital,Government,NA,REGION IV-A (CALABARZON),0400000000,BATANGAS,0401000000,BALAYAN,0401003000,GUMAMELA,0401003029,4213,+63 439800541,NA,NA,donmanuellopezhospital@yahoo.com,Level 1,50,Licensing Status:With License,NA
DOH000000000003467,3467,CAMP GENERAL EMILIO AGUINALDO STATION HOSPITAL,Health Facility,Infirmary,Government,MURPHY,NATIONAL CAPITAL REGION (NCR),1300000000,"NCR, SECOND DISTRICT (NOT A PROVINCE)",1374000000,QUEZON CITY,1381300000,CAMP AGUINALDO,1381300019,NA,+63 029116001,NA,NA,cgeashfamily@gmail.com,NA,25,Licensing Status:With License,NA
DOH000000000032763,32763,CUGMAN HEALTH CENTER AND LYING IN CLINIC,Health Facility,Birthing Home,Government,NA,REGION X (NORTHERN MINDANAO),1000000000,MISAMIS ORIENTAL,1030500000,CITY OF CAGAYAN DE ORO (CAPITAL),1030500000,CUGMAN,1030500046,NA,+63 888573184,NA,NA,CDOCITYHEALTHOFFICE@GMAIL.COM,NA,0,Licensing Status:With License,NA
DOH000000000029798,29798,TALACOGON DISTRICT HOSPITAL,Health Facility,Hospital,Government,PUROK BAYABAS,REGION XIII (CARAGA),1600000000,AGUSAN DEL SUR,1600300000,TALACOGON,1600311000,SAN ISIDRO (POB.),1600311010,8510,NA,NA,NA,tdh_talacogonads@yahoo.com,Level 1,30,Licensing Status:With License,NA
DOH000000000045768,45768,ROXAS CITY HEALTH BIRTHING FACILITY,Health Facility,Birthing Home,Government,"BANGBANG ST.,",REGION VI (WESTERN VISAYAS),0600000000,CAPIZ,0601900000,CITY OF ROXAS (CAPITAL),0601914000,INZO ARNALDO VILLAGE,0601914030,5800,036-620-5103,NA,NA,cahilog_lory@yahoo.com,NA,3,Licensing Status:With License,01/01/2022
DOH000000000033258,33258,ROSARIO RURAL HEALTH UNIT I BIRTHING HOME,Health Facility,Birthing Home,Government,NA,REGION IV-A (CALABARZON),0400000000,BATANGAS,0401000000,ROSARIO,0401021000,BARANGAY B (POB.),0401021032,NA,NA,NA,NA,NA,NA,0,Licensing Status:With License,NA
