number,type,fy,audit,status,initial_rating,ft_score,ft_score2,ft_score3,cf1_score,to1_score,ss1_score,dca1_score,fcr1_score,st_score,st_score2,st_score3,cf2_score,ss2_score,thr2_score,fcr2_score,reviewer,reviewer_date,date_published,sector,region,usaid_activity,prog_level,eval_start,eval_end,eval_duration,start_yr,eval_cost,design_report,primary_idstrategy,other_idstrategy,rand_tech,public_rand,rand_level,baseline_equiv,eval_purpose,intended_use,explicit_section,purpose_evidencegap,purpose_operationalgap,purpose_scaleup,purpose_replication,purpose_ce,purpose_alt,purpose_other,purpose_nr,lit_review,local_context,evalq_reported,evalq_xony,evalq_rel,evalq_num,evalq_sow,hyp,hyp_num,toc,treat_def,treat_struc,treat_complex,treat_unif,outcome_def,pretest,posttest,pt_period,power_calc,sps_needed,sps_record,power_level,power_record,mdes,mdes_record,mdes_basis,exp_takeup,exp_attr,cluster,cluster_spec,icc,icc_basis,collection_desc,qual,coll_surveys,coll_admin,coll_interviews,coll_ginterview,coll_fg,coll_other,instruments,preanalysis_plan,analysis_desc,analysis_sd,analysis_did,analysis_reg,analysis_sensitiv,analysis_other,analysis_dk,hetero,gender,ethics,treat_fidelity,actual_takeup,contamination,cont_explain,actual_attr,nonresp,actual_sps,fmt_impact,stat_signif,pract_signif,noimpact_disc,limitations,report_struc,concl_recs,recs_supported,cea,ce_question,cost_reported,cost_amount,cperunit_reported,cperunit_amount,ce_reported,ce_amount
1,1,2018,1,1,1,0.6666666865348816,2,2,1,2,0,2,2,0.5714285969734192,2,2,2,0,1,1,4,4/14/2020,2018-07,Agriculture & Land,Africa,1,6,8/1/2014,8/1/2017,3.002739667892456,2014,NR,2,1,0,2,NA,1,4,1,knowledge gap for future programming,0,1,1,0,0,0,1,0,0,2,2,1,1,1,6,4,1,10,0,2,2,2,2,1,1,1,36,0,0,,0,NA,0,,NA,0,3,1,1,0,NA,2,1,1,0,1,0,1,0,0,2,2,1,0,1,0,0,0,1,1,1,2,2,4,NA,2,0,1,2,2,1,1,1,1,1,1,0,0,0,,0,,0,
2,2,2018,1,0,3,NA,NA,0,NA,NA,NA,NA,NA,NA,NA,0,NA,NA,NA,NA,4,4/14/2020,2018-05,Health,Asia,0,1,1/1/2012,1/1/2016,4.002739906311035,2012,NR,4,6,0,NA,NA,NA,5,NA,,NA,NA,NA,NA,NA,NA,NA,NA,NA,NA,NA,NA,NA,NA,NA,NA,NA,NA,NA,NA,NA,NA,NA,NA,NA,NA,,NA,NA,,NA,NA,NA,,NA,NA,NA,NA,NA,NA,NA,NA,NA,NA,NA,NA,NA,NA,NA,NA,NA,NA,NA,NA,NA,NA,NA,NA,NA,NA,NA,NA,NA,NA,NA,NA,NA,NA,NA,NA,NA,NA,NA,NA,NA,NA,NA,NA,NA,,NA,,NA,
3,1,2018,1,1,1,0.5,2,2,1,1,1,2,1,0.42307692766189575,1,1,1,0,1,0,4,5/11/2020,2018-05,Education,Africa,1,4,5/1/2013,7/1/2017,4.169863224029541,2013,NR,3,1,1,4,NA,1,5,0,,0,0,1,0,0,1,1,0,0,0,2,1,1,1,4,3,1,4,0,2,3,2,3,4,1,2,49,1,2,320 schools total,0,NA,0,,NA,0,3,1,1,0,NA,2,0,1,0,0,0,0,1,1,4,2,0,0,1,0,0,0,1,1,1,3,2,2,2,0,1,1,3,2,1,3,1,1,2,1,1,1,2,13959044.49,1,8.63,2,US$146 in direct costs per learner in an EGRA-type intervention to improve oral reading fluency scores by one unit at four years
4,2,2013,1,0,3,NA,NA,0,NA,NA,NA,NA,NA,NA,NA,0,NA,NA,NA,NA,4,5/12/2020,2013-04,Health,Asia,1,4,7/1/2009,9/1/2012,3.172602653503418,2009,NR,4,5,1,NA,NA,NA,5,NA,,NA,NA,NA,NA,NA,NA,NA,NA,NA,NA,NA,NA,NA,NA,NA,NA,NA,NA,NA,NA,NA,NA,NA,NA,NA,NA,,NA,NA,,NA,NA,NA,,NA,NA,NA,NA,NA,NA,NA,NA,NA,NA,NA,NA,NA,NA,NA,NA,NA,NA,NA,NA,NA,NA,NA,NA,NA,NA,NA,NA,NA,NA,NA,NA,NA,NA,NA,NA,NA,NA,NA,NA,NA,NA,NA,NA,NA,,NA,,NA,
5,1,2017,1,1,1,0.25,1,1,0,1,1,1,0,0.40909090638160706,1,1,1,0,1,0,4,5/18/2020,2017-08,Democracy & Governance,Africa,0,5,12/1/2013,11/1/2016,2.9205479621887207,2013,NR,4,1,0,1,0,1,5,0,,0,1,1,1,1,1,1,0,0,2,2,0,NA,NA,NA,NA,0,NA,0,2,2,1,1,4,0,0,NR,1,0,,2,0.800000011920929,0,,NA,0,3,2,NA,NA,NA,2,0,1,1,0,0,0,1,0,4,0,NA,NA,NA,NA,NA,NA,1,0,3,1,2,2,2,1,1,1,3,0,0,3,1,0,3,3,1,0,0,,1,7635.42,2,"the use of incentives drops the cost per monitored station from $7,635 to $5,384. If there is perfect compliance, then cost drops even further to $166 "
6,2,2014,1,0,3,NA,NA,0,NA,NA,NA,NA,NA,NA,NA,0,NA,NA,NA,NA,4,5/18/2020,2013-10,Economic Growth,Africa,1,3,9/1/2013,10/1/2013,0.08219178020954132,2013,NR,4,5,1,NA,NA,NA,5,NA,,NA,NA,NA,NA,NA,NA,NA,NA,NA,NA,NA,NA,NA,NA,NA,NA,NA,NA,NA,NA,NA,NA,NA,NA,NA,NA,,NA,NA,,NA,NA,NA,,NA,NA,NA,NA,NA,NA,NA,NA,NA,NA,NA,NA,NA,NA,NA,NA,NA,NA,NA,NA,NA,NA,NA,NA,NA,NA,NA,NA,NA,NA,NA,NA,NA,NA,NA,NA,NA,NA,NA,NA,NA,NA,NA,NA,NA,,NA,,NA,
7,1,2019,1,1,1,0.75,3,3,1,2,2,2,1,0.5357142686843872,2,2,2,1,1,0,4,6/2/2020,2019-04,Democracy & Governance,Europe & Euroasia,1,4,7/1/2015,6/1/2017,1.9205479621887207,2015,NR,1,1,1,1,0,1,1,0,,0,1,0,0,0,0,1,0,0,2,2,1,1,1,5,4,1,12,0,2,2,2,1,1,1,2,"6, 12",2,2,63 schools for each arm; 25 students per school,2,0.800000011920929,2,0.22,0,0,3,1,1,2,0,2,0,1,0,0,0,0,0,1,1,2,1,0,0,0,0,0,1,1,3,4,0,4,NA,1,2,1,3,2,0,2,0,1,3,3,0,0,0,,0,,0,
8,2,2015,1,1,2,0.3333333432674408,1,1,0,1,0,2,1,0.38461539149284363,1,1,1,1,0,1,4,6/2/2020,2014-11,Democracy & Governance,LAC,1,3,9/1/2012,6/1/2014,1.7479451894760132,2012,NR,1,4,0,NA,NA,NA,3,0,,0,1,0,0,0,0,0,0,0,1,2,0,NA,NA,NA,NA,0,NA,0,0,1,2,3,1,1,1,18,0,0,,0,NA,0,,NA,0,4,1,1,0,NA,2,1,1,1,1,0,1,1,1,1,2,0,1,1,0,0,0,1,0,1,4,0,4,NA,0,0,1,3,2,1,1,0,0,3,3,0,0,0,,0,,0,
9,2,2015,0,1,2,0.7083333134651184,2,2,0,2,2,2,1,0.5,2,2,1,NA,1,0,3,5/27/2020,2015-05,Agriculture & Land,Asia,1,3,12/1/2010,12/1/2014,4.002739906311035,2010,NR,1,6,1,NA,NA,NA,3,0,,0,1,1,0,0,0,0,0,0,2,2,0,NA,NA,NA,NA,0,NA,1,2,1,2,1,1,1,1,35,2,2," total of 8,952 households",2,0.800000011920929,2,10 pct-pt change in stunting from initial prevalence of 50%,0,2,4,2,NA,NA,NA,2,1,1,1,0,0,1,0,1,1,2,1,1,1,1,0,0,1,1,3,4,2,4,NA,0,0,1,3,2,1,3,0,0,3,3,0,0,0,,0,,0,
10,2,2013,1,0,3,NA,NA,0,NA,NA,NA,NA,NA,NA,NA,0,NA,NA,NA,NA,2,5/27/2020,2013-05,Health,Asia,1,3,9/1/2012,5/1/2013,0.6630136966705322,2012,NR,4,5,1,NA,NA,NA,5,NA,,NA,NA,NA,NA,NA,NA,NA,NA,NA,NA,NA,NA,NA,NA,NA,NA,NA,NA,NA,NA,NA,NA,NA,NA,NA,NA,,NA,NA,,NA,NA,NA,,NA,NA,NA,NA,NA,NA,NA,NA,NA,NA,NA,NA,NA,NA,NA,NA,NA,NA,NA,NA,NA,NA,NA,NA,NA,NA,NA,NA,NA,NA,NA,NA,NA,NA,NA,NA,NA,NA,NA,NA,NA,NA,NA,NA,NA,,NA,,NA,
11,2,2019,1,0,3,NA,NA,0,NA,NA,NA,NA,NA,NA,NA,0,NA,NA,NA,NA,1,6/17/2020,2019-06,Economic Growth,Africa,1,4,1/1/2019,6/1/2019,0.41369864344596863,2019,NR,3,7,0,NA,NA,NA,5,NA,,NA,NA,NA,NA,NA,NA,NA,NA,NA,NA,NA,NA,NA,NA,NA,NA,NA,NA,NA,NA,NA,NA,NA,NA,NA,NA,,NA,NA,,NA,NA,NA,,NA,NA,NA,NA,NA,NA,NA,NA,NA,NA,NA,NA,NA,NA,NA,NA,NA,NA,NA,NA,NA,NA,NA,NA,NA,NA,NA,NA,NA,NA,NA,NA,NA,NA,NA,NA,NA,NA,NA,NA,NA,NA,NA,NA,NA,,NA,,NA,
12,2,2012,1,1,2,0.5833333134651184,2,2,0,2,1,2,2,0.5,2,2,1,0,1,2,2,5/27/2020,2012-04,Democracy & Governance,Africa,1,5,7/1/2011,9/1/2011,0.1698630154132843,2011,NR,4,3,1,NA,NA,NA,2,0,,0,1,1,0,0,0,0,0,0,2,2,0,NA,NA,NA,NA,0,NA,0,2,2,1,1,1,1,1,1,0,2,1120 individuals from T and 480 individuals C,0,NA,0,,NA,0,3,2,NA,NA,NA,2,0,1,0,0,0,0,0,0,4,2,0,1,1,1,0,0,1,1,4,4,2,4,NA,2,0,1,3,2,2,1,0,0,1,1,0,0,0,,0,,0,
13,2,2016,1,0,3,NA,NA,0,NA,NA,NA,NA,NA,NA,NA,0,NA,NA,NA,NA,2,5/26/2020,2016-03,Health,Africa,1,6,9/1/2013,9/1/2015,2,2013,NR,4,5,0,NA,NA,NA,5,NA,,NA,NA,NA,NA,NA,NA,NA,NA,NA,NA,NA,NA,NA,NA,NA,NA,NA,NA,NA,NA,NA,NA,NA,NA,NA,NA,,NA,NA,,NA,NA,NA,,NA,NA,NA,NA,NA,NA,NA,NA,NA,NA,NA,NA,NA,NA,NA,NA,NA,NA,NA,NA,NA,NA,NA,NA,NA,NA,NA,NA,NA,NA,NA,NA,NA,NA,NA,NA,NA,NA,NA,NA,NA,NA,NA,NA,NA,,NA,,NA,
14,1,2015,1,1,1,0.4166666567325592,1,1,0,2,1,1,0,0.2857142984867096,1,1,1,0,0,0,1,6/17/2020,2015-01,Health,Africa,0,5,9/1/2011,6/1/2013,1.7506849765777588,2011,NR,4,1,0,4,NA,1,4,0,,0,1,0,0,0,0,1,0,0,2,2,0,NA,NA,NA,NA,0,NA,0,2,2,1,1,1,1,1,21,0,2,254 clinics; 508 communities; 5080 total HHs,0,NA,0,,NA,0,3,1,1,0,NA,2,0,1,0,0,0,0,0,0,4,1,1,0,0,0,0,0,3,NA,4,4,0,4,NA,0,2,0,3,1,0,2,0,0,3,3,1,0,2,"$513, 436 for community monitoring; $316,103 for non-financial award",0,,2,$726 per additional HH where woman gives birth at clinic; $194 per additional HH utilizing clinic; $527 per additional household not getting charged illegal fees; $325 per additional child not wasted
15,1,2019,0,1,1,0.6666666865348816,2,2,1,1,1,2,1,0.3571428656578064,1,1,1,0,0,2,3,6/23/2020,2019-02,Democracy & Governance,Asia,1,5,9/1/2016,4/1/2017,0.5808219313621521,2016,NR,4,1,0,4,NA,1,5,1,knowledge gap for future programming,1,1,0,0,0,0,1,0,0,2,2,1,1,1,4,3,0,NA,1,1,2,1,1,2,0,1,NR,0,2,150 communes; 50 per arm,0,NA,0,,NA,0,3,1,1,0,NA,2,0,1,1,0,0,0,0,1,4,2,1,0,0,0,0,0,1,0,1,4,0,4,NA,0,0,0,3,2,2,1,0,1,3,3,0,0,0,,0,,0,
16,2,2018,0,0,3,NA,NA,0,NA,NA,NA,NA,NA,NA,NA,0,NA,NA,NA,NA,3,6/23/2020,2018-03,Democracy & Governance,Africa,1,4,3/1/2013,4/1/2017,4.087671279907227,2013,NR,4,5,0,NA,NA,NA,5,NA,,NA,NA,NA,NA,NA,NA,NA,NA,NA,NA,NA,NA,NA,NA,NA,NA,NA,NA,NA,NA,NA,NA,NA,NA,NA,NA,,NA,NA,,NA,NA,NA,,NA,NA,NA,NA,NA,NA,NA,NA,NA,NA,NA,NA,NA,NA,NA,NA,NA,NA,NA,NA,NA,NA,NA,NA,NA,NA,NA,NA,NA,NA,NA,NA,NA,NA,NA,NA,NA,NA,NA,NA,NA,NA,NA,NA,NA,,NA,,NA,
17,2,2017,0,0,3,NA,NA,0,NA,NA,NA,NA,NA,NA,NA,0,NA,NA,NA,NA,3,6/23/2020,2017-09,Democracy & Governance,Europe & Euroasia,1,4,1/1/2014,5/1/2017,3.3315069675445557,2014,NR,4,5,0,NA,NA,NA,5,NA,,NA,NA,NA,NA,NA,NA,NA,NA,NA,NA,NA,NA,NA,NA,NA,NA,NA,NA,NA,NA,NA,NA,NA,NA,NA,NA,,NA,NA,,NA,NA,NA,,NA,NA,NA,NA,NA,NA,NA,NA,NA,NA,NA,NA,NA,NA,NA,NA,NA,NA,NA,NA,NA,NA,NA,NA,NA,NA,NA,NA,NA,NA,NA,NA,NA,NA,NA,NA,NA,NA,NA,NA,NA,NA,NA,NA,NA,,NA,,NA,
18,1,2017,0,1,1,0.5416666865348816,2,2,1,1,1,2,1,0.5909090638160706,2,2,2,0,1,1,3,6/28/2020,2017-07,Economic Growth,Africa,0,5,12/1/2011,10/1/2015,3.83561635017395,2011,NR,4,1,0,2,NA,1,1,0,,0,1,0,0,0,0,1,0,0,2,2,0,NA,NA,NA,NA,1,4,2,2,2,1,1,3,1,4,4 ; 16 ; 28 ; 35 -post intervention,0,2,"3,002 total firms; T1 1,207; T2 745; T3 293; C 757",0,NA,0,,NA,0,3,2,NA,NA,NA,2,0,1,1,0,0,0,0,0,4,2,0,0,1,1,0,0,1,1,2,4,2,4,NA,2,1,1,3,2,2,3,1,1,3,3,0,0,0,,0,,0,
19,2,2014,0,0,3,NA,NA,0,NA,NA,NA,NA,NA,NA,NA,0,NA,NA,NA,NA,3,6/28/2020,2014-08,Education,Middle East,1,6,5/1/2012,5/1/2014,2,2012,NR,4,5,0,NA,NA,NA,5,NA,,NA,NA,NA,NA,NA,NA,NA,NA,NA,NA,NA,NA,NA,NA,NA,NA,NA,NA,NA,NA,NA,NA,NA,NA,NA,NA,,NA,NA,,NA,NA,NA,,NA,NA,NA,NA,NA,NA,NA,NA,NA,NA,NA,NA,NA,NA,NA,NA,NA,NA,NA,NA,NA,NA,NA,NA,NA,NA,NA,NA,NA,NA,NA,NA,NA,NA,NA,NA,NA,NA,NA,NA,NA,NA,NA,NA,NA,,NA,,NA,
20,2,2017,0,1,2,0.6666666865348816,2,2,1,1,1,2,1,0.6071428656578064,2,2,2,0,1,1,3,7/7/2020,2017-08,Agriculture & Land,Asia,1,5,8/1/2012,9/1/2016,4.087671279907227,2012,NR,3,3,0,NA,NA,NA,1,1,knowledge gap for future programming,0,1,1,0,0,0,0,0,0,2,2,0,NA,NA,NA,NA,1,3,2,1,1,2,3,3,1,1,48,1,2,"60 T villages / 24 C villages; 2,100 households",2,0.800000011920929,0,,NA,0,3,1,1,0,NA,2,0,1,1,0,0,0,0,0,4,2,0,1,0,1,0,0,1,1,4,3,2,2,2,1,2,1,3,2,1,1,1,1,3,3,0,0,0,,0,,0,
21,2,2016,0,1,2,0.6666666865348816,2,2,1,1,2,1,1,0.4285714328289032,1,1,1,2,0,1,3,7/8/2020,2016-01,Economic Growth,Europe & Euroasia,1,5,6/1/2012,7/1/2015,3.0821917057037354,2012,NR,4,3,0,NA,NA,NA,1,0,,0,1,0,0,0,0,0,0,0,0,0,1,1,0,7,1,1,13,1,2,2,2,2,4,1,1,36 for Comp 1; 24 for Comp 2 & 3,2,2,924 HHs for Comp 1 (462 HHs in T; 462 HHs in C); 1128 HHs for Comp 2; 628 HHs for Comp 3 -- split evenly for T and C,2,0.800000011920929,2,6.1% in perception of local govt's ability to provide responsive services for Comp 1; 13.8% change in avg value of household production for Comp 2; 11.8% change in change in avg value of household production for Comp 3; 9% change in avg value of household production for combined Comp 2+3,1,0,1,1,1,2,1,1,1,1,0,1,0,1,0,1,4,2,0,1,0,1,0,0,1,1,3,4,0,4,NA,1,0,1,3,2,1,1,1,1,2,1,0,0,0,,0,,0,
22,1,2018,1,1,1,0.9166666865348816,3,3,1,2,2,2,2,0.5,2,2,0,2,1,0,2,6/25/2020,2018-02,Education,Africa,1,6,10/1/2015,1/1/2017,1.2547944784164429,2015,NR,4,1,0,4,NA,1,5,1,knowledge gap for future programming and cost effectiveness,1,1,1,0,0,1,0,0,0,0,0,1,1,0,6,4,0,NA,0,2,1,2,1,1,1,1,14,2,2,40 T schools; 40 C schools; 30 students per cluster,2,0.800000011920929,2,0.19,0,2,1,1,1,2,0,2,0,1,1,0,0,0,0,1,4,2,0,1,1,1,0,0,1,1,1,1,2,4,NA,1,2,0,1,2,1,3,1,1,1,1,1,1,2,$3.7m in Lusaka/Eastern Province; $9.6m in other regions,1,$20.1USD per student in Lusaka/Eastern Province; $21.6USD per student in other regions,2,1.6 - 1.7 wpm in ORF per $10USD
23,2,2015,1,1,2,0.3333333432674408,1,1,1,0,0,1,1,0.1538461595773697,1,1,1,1,0,0,1,6/23/2020,2014-12,Economic Growth,LAC,1,3,1/1/2014,12/1/2014,0.915068507194519,2014,NR,4,3,0,NA,NA,NA,3,0,,1,0,1,0,0,0,0,0,0,0,2,1,1,0,3,1,0,NA,0,1,1,2,3,4,0,6,12 for each post-test measure,0,0,,0,NA,0,,NA,0,4,1,1,0,NA,2,0,1,0,0,0,0,0,0,4,1,1,1,0,0,0,0,1,0,4,4,0,4,NA,0,0,0,3,2,0,2,1,0,2,1,0,0,0,,0,,0,
24,1,2016,0,1,1,0.7083333134651184,2,2,1,2,1,1,2,0.25,1,1,1,1,0,1,3,7/13/2020,2015-12,Education,Africa,1,4,3/1/2014,11/1/2015,1.67123281955719,2014,NR,4,1,0,2,NA,1,5,1,knowledge base for future programming,0,1,1,0,0,0,0,0,0,0,2,1,1,0,12,4,0,NA,0,2,1,2,1,2,1,1,7,0,2,60 T schools; 60 C schools; 12 pupils per school,0,NA,0,,NA,0,4,1,1,0,NA,2,0,1,0,0,0,0,1,1,4,1,0,1,0,0,0,0,1,1,3,4,0,4,NA,0,0,1,1,2,2,3,0,0,1,1,0,0,0,,0,,0,
25,1,2017,0,1,1,0.625,2,2,1,2,1,1,2,0.3571428656578064,1,1,1,0,1,1,3,7/13/2020,2017-02,Agriculture & Land,Africa,1,6,6/1/2014,11/1/2015,1.4191781282424927,2014,NR,4,1,1,2,NA,1,2,0,,0,1,1,0,0,0,0,0,0,0,2,0,NA,NA,NA,NA,0,NA,2,2,1,2,2,2,1,1,14,0,2,60 farmer associations; 15 farmers per assoc,0,NA,0,,NA,0,3,1,1,0,NA,1,0,1,0,0,0,0,0,0,4,2,0,1,1,1,0,0,1,0,3,2,2,4,NA,2,0,1,3,2,2,2,1,1,1,1,1,1,1,,0,,2,No impact found so conclude not cost-effective
26,2,2012,0,0,3,NA,NA,0,NA,NA,NA,NA,NA,NA,NA,0,NA,NA,NA,NA,3,7/14/2020,2012-06,Economic Growth,Africa,1,4,6/1/2009,6/1/2011,2,2009,NR,3,5,0,NA,NA,NA,5,NA,,NA,NA,NA,NA,NA,NA,NA,NA,NA,NA,NA,NA,NA,NA,NA,NA,NA,NA,NA,NA,NA,NA,NA,NA,NA,NA,,NA,NA,,NA,NA,NA,,NA,NA,NA,NA,NA,NA,NA,NA,NA,NA,NA,NA,NA,NA,NA,NA,NA,NA,NA,NA,NA,NA,NA,NA,NA,NA,NA,NA,NA,NA,NA,NA,NA,NA,NA,NA,NA,NA,NA,NA,NA,NA,NA,NA,NA,,NA,,NA,
27,1,2016,0,1,1,0.5,2,2,1,1,1,1,1,0.5,2,2,1,0,1,1,3,7/23/2020,2016-01,Agriculture & Land,Asia,1,5,9/1/2013,12/1/2014,1.2493150234222412,2013,NR,4,1,0,3,NA,1,1,0,,0,1,0,0,1,0,0,0,0,1,1,0,NA,NA,NA,NA,1,4,2,2,2,1,1,3,1,1,13,0,2,"307 groups; 2,080 total farmers",0,NA,0,,NA,0,3,2,NA,NA,NA,2,0,1,1,0,0,0,0,0,2,1,0,1,0,1,0,0,3,NA,4,4,2,4,NA,2,0,1,3,2,1,1,0,0,3,3,1,0,1,,1,$6.6 per farmer; $8.75 per farmer with in-person training,0,
28,1,2018,0,1,1,0.75,3,3,1,2,1,2,1,0.3571428656578064,1,1,1,0,0,1,3,7/23/2020,2018-06,Democracy & Governance,Africa,1,4,9/1/2016,12/1/2018,2.249315023422241,2016,NR,4,1,0,2,NA,1,5,1,global evidence base,0,1,1,0,0,0,0,0,0,2,0,0,NA,NA,NA,NA,1,10,2,2,1,2,1,2,1,1,18,2,2,"48 communes total; 1,200 HHs total (half T/C)",0,NA,2,0.1,0,0,3,1,1,0,NA,2,0,1,0,0,0,0,0,0,2,2,0,0,1,1,0,0,3,NA,4,4,1,4,NA,0,0,1,3,2,0,1,0,1,2,2,0,0,0,,0,,0,
29,2,2016,0,1,2,1,3,3,2,2,2,2,2,0.692307710647583,3,3,2,1,1,1,3,7/23/2020,2016-05,Agriculture & Land,Africa,1,4,1/1/2007,1/1/2013,6.005479335784912,2007,NR,1,3,0,NA,NA,NA,3,1,knowledge gap for future programming,1,1,0,0,0,0,0,0,0,2,2,1,1,0,4,4,1,7,2,2,2,2,3,1,1,1,6 years Wave 1; 1 year Wave 2,2,2,"284 village clusters; 4,319 HHs total",2,0.800000011920929,2,0.1 - 0.25,1,0,4,1,1,2,1,2,0,1,0,0,0,0,0,1,1,2,0,1,1,1,0,0,1,1,1,3,2,4,NA,0,1,1,3,2,1,1,1,1,1,1,0,0,0,,0,,0,
30,2,2017,0,0,3,NA,NA,0,NA,NA,NA,NA,NA,NA,NA,0,NA,NA,NA,NA,3,7/24/2020,2017-02,Agriculture & Land,Africa,1,4,5/1/2016,9/1/2016,0.3369863033294678,2016,NR,4,4,0,NA,NA,NA,5,NA,,NA,NA,NA,NA,NA,NA,NA,NA,NA,NA,NA,NA,NA,NA,NA,NA,NA,NA,NA,NA,NA,NA,NA,NA,NA,NA,,NA,NA,,NA,NA,NA,,NA,NA,NA,NA,NA,NA,NA,NA,NA,NA,NA,NA,NA,NA,NA,NA,NA,NA,NA,NA,NA,NA,NA,NA,NA,NA,NA,NA,NA,NA,NA,NA,NA,NA,NA,NA,NA,NA,NA,NA,NA,NA,NA,NA,NA,,NA,,NA,
31,2,2016,0,0,3,NA,NA,0,NA,NA,NA,NA,NA,NA,NA,0,NA,NA,NA,NA,3,7/26/2020,2015-10,Economic Growth,Europe & Euroasia,1,4,4/1/2015,9/1/2015,0.4191780686378479,2015,NR,4,5,0,NA,NA,NA,5,NA,,NA,NA,NA,NA,NA,NA,NA,NA,NA,NA,NA,NA,NA,NA,NA,NA,NA,NA,NA,NA,NA,NA,NA,NA,NA,NA,,NA,NA,,NA,NA,NA,,NA,NA,NA,NA,NA,NA,NA,NA,NA,NA,NA,NA,NA,NA,NA,NA,NA,NA,NA,NA,NA,NA,NA,NA,NA,NA,NA,NA,NA,NA,NA,NA,NA,NA,NA,NA,NA,NA,NA,NA,NA,NA,NA,NA,NA,,NA,,NA,
32,1,2017,0,1,1,0.6666666865348816,2,2,1,2,1,2,2,0.6363636255264282,2,2,1,0,2,1,3,7/27/2020,2017-04,Democracy & Governance,LAC,1,5,11/1/2015,9/1/2016,0.835616409778595,2015,NR,1,1,0,3,NA,1,5,0,,0,1,1,0,0,0,0,0,0,0,2,0,NA,NA,NA,NA,1,5,2,2,3,1,1,1,1,1,13,0,2,1000,0,NA,0,,NA,0,3,2,NA,NA,NA,2,0,1,1,0,0,0,0,1,1,2,1,0,1,1,0,0,1,0,1,4,2,4,NA,2,2,1,3,2,2,3,0,0,1,1,1,0,2,"$36,900 for three months",1,113.89,2,"3.7 months reduction in detention time; net savings of $170,785 to GoH"
33,2,2019,0,0,3,NA,NA,0,NA,NA,NA,NA,NA,NA,NA,0,NA,NA,NA,NA,3,7/29/2020,2019-04,Democracy & Governance,Africa,1,2,11/1/2014,11/1/2018,4.002739906311035,2014,NR,4,5,0,NA,NA,NA,5,NA,,NA,NA,NA,NA,NA,NA,NA,NA,NA,NA,NA,NA,NA,NA,NA,NA,NA,NA,NA,NA,NA,NA,NA,NA,NA,NA,,NA,NA,,NA,NA,NA,,NA,NA,NA,NA,NA,NA,NA,NA,NA,NA,NA,NA,NA,NA,NA,NA,NA,NA,NA,NA,NA,NA,NA,NA,NA,NA,NA,NA,NA,NA,NA,NA,NA,NA,NA,NA,NA,NA,NA,NA,NA,NA,NA,NA,NA,,NA,,NA,
34,1,2017,0,1,1,0.75,3,3,1,2,1,2,2,0.7916666865348816,3,3,2,0,2,2,3,7/29/2020,2016-11,Economic Growth,Africa,0,6,3/1/2014,6/1/2016,2.2547945976257324,2014,NR,4,1,0,2,NA,1,1,1,alternative implementation mechanisms,0,1,1,0,0,0,1,0,0,2,2,0,NA,NA,NA,NA,1,3,2,2,2,1,1,1,1,2,12; 24,1,2,"3600 businesses total = 300 T1; 900 T2, 1200 T3; 1,200 C",0,NA,0,,NA,0,3,2,NA,NA,NA,2,1,1,1,1,0,1,0,0,2,2,1,0,1,0,0,0,1,1,4,1,2,1,NA,2,2,1,3,2,2,1,0,0,1,1,1,0,2,"$620,000 USD",1,between $119 (T1) to $288 (T2) ,2,"$904 per formalization, which is 11x the average baseline monthly profits"
35,2,2014,0,1,2,0.6666666865348816,2,2,1,2,NA,2,1,0.4444444477558136,1,1,1,NA,1,0,3,7/29/2020,2014-08,Economic Growth,Europe & Euroasia,0,5,,,NA,NA,NR,4,2,0,NA,NA,NA,3,0,,0,1,0,0,0,0,0,0,0,2,2,1,1,0,2,4,0,NA,0,2,1,1,1,1,1,3,12 months each (annual data),NA,NA,,NA,NA,NA,,NA,NA,NA,NA,NA,NA,NA,2,0,0,1,0,0,0,0,NA,4,2,1,1,0,1,0,0,3,NA,NA,1,2,2,6,NA,0,1,3,2,1,2,0,1,3,3,0,0,0,,0,,0,
36,1,2015,0,1,1,0.625,2,2,1,1,1,2,1,0.2857142984867096,1,1,1,0,0,1,3,7/29/2020,2015-04,Democracy & Governance,Asia,1,5,10/1/2011,10/1/2014,3.002739667892456,2011,NR,4,1,1,1,0,1,1,1,knowledge gap for future programming,1,1,1,0,0,0,0,0,0,1,1,0,NA,NA,NA,NA,0,NA,2,2,1,2,1,3,1,1,36,0,2,96 schools (48 T and 48 C),0,NA,0,,NA,0,3,1,1,0,NA,2,1,1,1,1,0,1,1,0,4,2,0,0,1,0,0,0,3,NA,3,4,0,2,2,0,0,1,3,2,1,1,1,1,2,1,0,0,0,,0,,0,
37,1,2019,0,1,1,0.5833333134651184,2,2,1,2,1,2,1,0.375,1,1,1,0,0,1,3,7/30/2020,0,Economic Growth,Africa,1,5,3/1/2014,4/1/2018,4.087671279907227,2014,NR,4,1,0,2,NA,1,1,0,,0,1,0,0,0,0,1,0,0,2,0,0,NA,NA,NA,NA,1,4,2,2,2,1,1,1,1,3,12 months; 36 months; 48 months post roll-out,0,2,194 T and C mentors; 1126 mentees,0,NA,0,,NA,0,3,2,NA,NA,NA,2,0,1,0,0,0,0,0,0,3,2,1,0,1,1,0,0,3,NA,4,4,0,4,NA,2,0,1,3,2,1,1,0,1,3,3,0,0,0,,0,,0,
38,1,2018,0,1,1,0.5833333134651184,2,2,1,2,1,2,1,0.13636364042758942,1,1,1,0,0,0,3,7/30/2020,2017-10,Economic Growth,Africa,1,5,4/1/2015,4/1/2017,2.002739667892456,2015,NR,4,1,0,1,1,1,1,0,,0,1,0,0,0,0,1,0,0,2,1,0,NA,NA,NA,NA,0,NA,2,2,2,1,1,2,1,2,12 months; 18 months,1,2,"2,500 HHs: 625 monthly; 625 quarterly; 1,250 no transfer",0,NA,0,,NA,0,3,2,NA,NA,NA,2,0,1,0,0,0,0,0,0,4,2,0,0,1,0,0,0,1,0,4,4,0,4,NA,0,0,1,3,2,0,3,0,0,3,3,0,0,0,,0,,0,
39,2,2013,0,0,3,NA,NA,0,NA,NA,NA,NA,NA,NA,NA,0,NA,NA,NA,NA,1,6/9/2020,2013-02,Education,LAC,1,4,5/1/2012,10/1/2012,0.4191780686378479,2012,NR,4,5,0,NA,NA,NA,5,NA,,NA,NA,NA,NA,NA,NA,NA,NA,NA,NA,NA,NA,NA,NA,NA,NA,NA,NA,NA,NA,NA,NA,NA,NA,NA,NA,,NA,NA,,NA,NA,NA,,NA,NA,NA,NA,NA,NA,NA,NA,NA,NA,NA,NA,NA,NA,NA,NA,NA,NA,NA,NA,NA,NA,NA,NA,NA,NA,NA,NA,NA,NA,NA,NA,NA,NA,NA,NA,NA,NA,NA,NA,NA,NA,NA,NA,NA,,NA,,NA,
40,2,2013,0,0,3,NA,NA,0,NA,NA,NA,NA,NA,NA,NA,0,NA,NA,NA,NA,1,6/15/2020,2013-09,Economic Growth,LAC,1,3,1/1/2008,10/1/2013,5.753424644470215,2008,NR,4,5,0,NA,NA,NA,5,NA,,NA,NA,NA,NA,NA,NA,NA,NA,NA,NA,NA,NA,NA,NA,NA,NA,NA,NA,NA,NA,NA,NA,NA,NA,NA,NA,,NA,NA,,NA,NA,NA,,NA,NA,NA,NA,NA,NA,NA,NA,NA,NA,NA,NA,NA,NA,NA,NA,NA,NA,NA,NA,NA,NA,NA,NA,NA,NA,NA,NA,NA,NA,NA,NA,NA,NA,NA,NA,NA,NA,NA,NA,NA,NA,NA,NA,NA,,NA,,NA,
41,2,2014,0,1,2,0.5833333134651184,2,2,1,2,0,2,2,0.22727273404598236,1,1,1,0,0,0,1,6/16/2020,2014-08,Economic Growth,LAC,1,4,1/1/2014,1/1/2014,0,2014,NR,4,3,1,NA,NA,NA,1,0,,0,1,0,0,0,0,0,0,0,2,2,0,NA,NA,NA,NA,0,NA,2,2,1,2,1,1,1,1,20,0,0,,0,NA,0,,NA,0,3,2,NA,NA,NA,2,0,1,1,0,0,0,0,1,4,2,0,1,0,0,0,0,1,1,4,4,0,4,NA,0,0,1,3,2,1,3,1,0,1,1,0,0,0,,0,,0,
42,2,2017,0,1,2,0.4166666567325592,1,1,1,1,0,2,1,0.23076923191547394,1,1,1,1,0,0,1,6/17/2020,2016-11,Democracy & Governance,Europe & Euroasia,1,4,1/1/2014,1/1/2016,2,2014,NR,4,5,0,NA,NA,NA,1,0,,0,1,0,0,0,0,0,0,0,2,2,1,1,0,3,4,0,NA,0,0,1,2,1,1,1,1,24,0,0,,0,NA,0,,NA,0,4,1,1,0,NA,2,0,1,0,0,0,0,0,0,4,2,0,1,0,0,0,0,3,NA,4,4,0,4,NA,0,0,0,3,2,0,2,0,1,3,3,0,0,0,,0,,0,
43,2,2018,0,0,3,NA,NA,0,NA,NA,NA,NA,NA,NA,NA,0,NA,NA,NA,NA,1,6/18/2020,2018-09,Agriculture & Land,Asia,1,4,1/1/2015,1/1/2017,2.002739667892456,2015,NR,4,3,0,NA,NA,NA,5,NA,,NA,NA,NA,NA,NA,NA,NA,NA,NA,NA,NA,NA,NA,NA,NA,NA,NA,NA,NA,NA,NA,NA,NA,NA,NA,NA,,NA,NA,,NA,NA,NA,,NA,NA,NA,NA,NA,NA,NA,NA,NA,NA,NA,NA,NA,NA,NA,NA,NA,NA,NA,NA,NA,NA,NA,NA,NA,NA,NA,NA,NA,NA,NA,NA,NA,NA,NA,NA,NA,NA,NA,NA,NA,NA,NA,NA,NA,,NA,,NA,
44,1,2016,0,1,1,0.5,2,2,0,2,0,2,2,0.27272728085517883,1,1,1,0,0,0,1,6/19/2020,2016-01,Health,Africa,1,4,1/1/2013,7/1/2013,0.49589040875434875,2013,NR,4,1,0,1,0,1,1,0,,1,1,1,0,0,0,0,0,0,2,2,0,NA,NA,NA,NA,0,NA,0,2,1,1,1,1,1,4,"1, 2, 3, 4",0,0,,0,NA,0,,NA,0,3,2,NA,NA,NA,2,0,1,1,0,0,0,0,0,4,2,1,0,0,0,0,0,3,NA,1,4,0,4,NA,0,2,1,3,2,0,3,1,0,1,1,0,0,0,,0,,0,
45,2,2013,0,0,3,NA,NA,0,NA,NA,NA,NA,NA,NA,NA,0,NA,NA,NA,NA,1,6/22/2020,2013-03,Health,Africa,1,4,11/1/2011,1/1/2013,1.169862985610962,2011,NR,4,6,1,NA,NA,NA,5,NA,,NA,NA,NA,NA,NA,NA,NA,NA,NA,NA,NA,NA,NA,NA,NA,NA,NA,NA,NA,NA,NA,NA,NA,NA,NA,NA,,NA,NA,,NA,NA,NA,,NA,NA,NA,NA,NA,NA,NA,NA,NA,NA,NA,NA,NA,NA,NA,NA,NA,NA,NA,NA,NA,NA,NA,NA,NA,NA,NA,NA,NA,NA,NA,NA,NA,NA,NA,NA,NA,NA,NA,NA,NA,NA,NA,NA,NA,,NA,,NA,
46,2,2016,0,1,2,0.7083333134651184,2,2,1,2,0,2,2,0.3333333432674408,1,1,1,0,1,0,1,6/23/2020,2016-05,Democracy & Governance,LAC,1,4,1/1/2013,5/1/2016,3.3315069675445557,2013,NR,1,3,1,NA,NA,NA,3,1,improve implementation and future programming,1,1,0,0,0,0,0,0,0,0,2,1,1,0,6,1,0,NA,1,2,1,1,1,1,1,1,36,0,0,,0,NA,0,,NA,0,3,2,NA,NA,NA,2,1,1,0,1,0,1,1,1,1,2,0,1,1,1,0,0,3,NA,4,4,0,4,NA,2,2,1,3,2,0,2,1,0,1,1,0,0,0,,0,,0,
47,1,2018,0,1,1,0.75,3,3,2,2,0,2,2,0.4583333432674408,1,1,2,1,1,0,1,6/25/2020,2018-06,Economic Growth,LAC,1,4,1/1/2013,1/1/2016,3,2013,NR,4,1,0,2,NA,1,1,1,knowledge gap for future programming,1,1,1,0,1,0,0,0,0,2,2,1,1,0,4,4,1,1,2,2,1,2,1,1,1,2,"9,18",0,0,,0,NA,0,,NA,0,1,2,NA,NA,NA,2,1,1,0,1,0,0,0,1,4,2,0,1,0,1,0,0,1,1,3,4,0,4,NA,2,1,1,3,2,0,2,1,0,1,1,0,0,0,,0,,0,
48,1,2018,0,1,1,0.5416666865348816,2,2,1,1,0,2,2,0.4642857015132904,1,1,1,1,1,1,1,6/27/2020,2018-06,Health,Africa,0,5,1/1/2015,1/1/2018,3.002739667892456,2015,NR,4,1,1,1,0,1,4,0,,0,1,0,0,0,0,0,0,0,2,2,1,1,0,12,4,0,NA,0,1,1,1,1,1,1,2,36,0,0,,0,NA,0,,NA,0,1,1,1,0,NA,2,1,1,0,1,0,1,1,1,4,2,1,0,0,1,0,0,1,1,1,4,0,4,NA,2,1,1,3,2,0,1,1,0,1,1,0,0,0,,0,,0,
49,2,2017,0,1,2,0.9166666865348816,3,3,2,2,1,2,2,0.3214285671710968,1,1,1,0,1,1,1,6/30/2020,2017-04,Environment,Europe & Euroasia,1,4,6/1/2013,10/1/2015,2.3342466354370117,2013,NR,4,3,0,NA,NA,NA,3,1,knowledge gap for future programming,1,1,1,0,0,0,0,0,0,0,2,1,1,0,11,1,0,NA,2,2,1,2,2,1,1,1,24,2,2,1260,2,0.800000011920929,0,,NA,0,3,1,1,0,NA,2,1,1,0,1,0,1,0,0,1,2,0,1,0,1,0,0,1,1,3,3,1,4,NA,0,0,1,3,2,0,1,1,1,1,1,0,0,0,,0,,0,
50,2,2019,0,0,3,NA,NA,0,NA,NA,NA,NA,NA,NA,NA,0,NA,NA,NA,NA,1,6/30/2020,2018-10,Education,Africa,1,4,1/1/2017,1/1/2018,1,2017,NR,4,6,0,NA,NA,NA,5,NA,,NA,NA,NA,NA,NA,NA,NA,NA,NA,NA,NA,NA,NA,NA,NA,NA,NA,NA,NA,NA,NA,NA,NA,NA,NA,NA,,NA,NA,,NA,NA,NA,,NA,NA,NA,NA,NA,NA,NA,NA,NA,NA,NA,NA,NA,NA,NA,NA,NA,NA,NA,NA,NA,NA,NA,NA,NA,NA,NA,NA,NA,NA,NA,NA,NA,NA,NA,NA,NA,NA,NA,NA,NA,NA,NA,NA,NA,,NA,,NA,
51,2,2013,0,0,3,NA,NA,0,NA,NA,NA,NA,NA,NA,NA,0,NA,NA,NA,NA,1,7/3/2020,2012-12,Health,Asia,1,4,1/1/2008,1/1/2011,3.002739667892456,2008,NR,4,5,0,NA,NA,NA,5,NA,,NA,NA,NA,NA,NA,NA,NA,NA,NA,NA,NA,NA,NA,NA,NA,NA,NA,NA,NA,NA,NA,NA,NA,NA,NA,NA,,NA,NA,,NA,NA,NA,,NA,NA,NA,NA,NA,NA,NA,NA,NA,NA,NA,NA,NA,NA,NA,NA,NA,NA,NA,NA,NA,NA,NA,NA,NA,NA,NA,NA,NA,NA,NA,NA,NA,NA,NA,NA,NA,NA,NA,NA,NA,NA,NA,NA,NA,,NA,,NA,
52,1,2014,0,1,1,0.5416666865348816,2,2,0,2,0,2,2,0.23076923191547394,1,1,1,0,0,1,1,7/4/2020,2014-04,Education,Africa,1,4,1/1/2012,10/1/2013,1.7506849765777588,2012,NR,4,1,0,6,NA,1,5,0,,0,1,0,0,0,0,0,0,0,0,2,0,NA,NA,NA,NA,0,NA,1,2,1,2,1,1,1,2,"10, 21",2,0,,0,NA,0,,NA,0,3,1,1,0,NA,2,0,1,1,0,0,0,0,0,4,2,1,1,0,0,0,0,1,1,4,4,0,4,NA,0,0,1,2,2,2,3,0,0,1,1,1,1,1,,0,,1,
53,1,2017,0,1,1,0.75,3,3,1,2,2,2,1,0.5357142686843872,2,2,1,0,1,1,1,7/5/2020,2017-07,Education,Asia,1,4,1/1/2014,1/1/2017,3.002739667892456,2014,NR,4,1,0,1,0,1,2,0,,0,1,0,0,0,0,0,0,0,2,2,0,NA,NA,NA,NA,0,NA,2,2,1,2,1,1,1,3,"24,36,48",2,2,130,2,0.800000011920929,2,.16-.2,0,0,3,1,1,0,NA,2,1,1,0,1,0,0,0,0,4,2,0,1,0,0,0,0,1,1,4,4,2,2,1,2,2,1,1,2,0,1,1,0,3,3,0,0,0,,0,,0,
54,1,2016,0,1,1,0.5833333134651184,2,2,1,2,0,2,2,0.23076923191547394,1,1,1,0,0,0,1,7/4/2020,2016-05,Education,Africa,1,4,2/1/2013,5/1/2015,2.243835687637329,2013,NR,3,1,1,1,0,1,5,0,,0,1,0,0,0,0,0,0,0,0,2,1,1,1,4,1,1,1,0,2,1,2,1,1,1,3,"21,32,46",0,0,,0,NA,0,,NA,0,3,1,1,0,NA,2,1,1,0,1,0,0,0,1,4,2,1,0,0,0,0,0,1,1,4,4,0,4,NA,0,0,1,1,2,0,3,1,1,1,1,1,1,2,549292,1,11.54,2,1.1
55,1,2018,0,1,1,0.8333333134651184,3,3,2,2,1,2,2,0.4583333432674408,1,1,1,1,1,1,1,7/6/2020,2018-05,Economic Growth,LAC,1,4,1/1/2014,3/1/2017,3.16438364982605,2014,NR,4,1,0,2,NA,1,1,1,knowledge gap for future programming,1,1,0,0,0,0,0,0,0,1,2,1,1,0,4,4,0,NA,2,2,1,2,3,1,1,2,"21,35",0,2,T1=415; T2=410; C=394,0,NA,0,,NA,0,1,2,NA,NA,NA,2,1,1,0,1,0,0,0,0,4,2,0,0,1,1,0,0,3,NA,3,4,0,4,NA,2,2,1,3,2,0,1,1,0,1,1,0,0,0,,0,,0,
56,1,2017,0,1,1,0.5,2,2,0,2,0,2,2,0.4166666567325592,1,1,1,0,1,2,1,7/7/2020,2017-05,Democracy & Governance,Asia,0,5,10/1/2014,2/1/2016,1.3369863033294678,2014,NR,4,1,1,2,NA,1,1,0,,0,1,0,0,0,0,0,0,0,0,2,0,NA,NA,NA,NA,0,NA,0,2,2,1,1,1,1,1,18,0,0,,0,NA,0,,NA,0,3,2,NA,NA,NA,2,0,1,1,0,0,0,0,0,4,2,1,0,1,0,0,0,1,0,4,4,0,4,NA,2,2,1,3,2,2,1,0,0,1,1,1,1,2,"Group A: $14,863; Group B: $4,931; Control: $7,573",1,Group A: $25; Group B: $17; Control: $12,2,$37 per additional e-filing adoption in Group A vs Control; $27 per addtl e-filing adoption in Group A vs B
57,1,2019,0,1,1,0.5833333134651184,2,2,1,2,0,1,2,0.2857142984867096,1,1,1,0,1,0,1,7/7/2020,2019-06,Agriculture & Land,Asia,1,5,2/1/2016,5/1/2018,2.246575355529785,2016,NR,4,1,1,1,0,1,5,1,global evidence base,0,1,0,0,0,0,0,0,0,0,2,1,1,1,4,3,0,NA,0,2,2,2,1,1,1,2,"12,24",1,0,,0,NA,0,,NA,0,3,1,1,0,NA,2,1,1,0,1,0,1,0,1,4,0,NA,NA,NA,NA,NA,NA,3,NA,4,4,2,4,NA,2,0,1,3,2,0,2,1,1,1,1,0,0,0,,0,,0,
58,2,2019,0,0,3,NA,NA,0,NA,NA,NA,NA,NA,NA,NA,0,NA,NA,NA,NA,1,7/11/2020,2019-09,Health,Africa,1,4,4/1/2017,10/1/2018,1.501369833946228,2017,NR,4,5,0,NA,NA,NA,5,NA,,NA,NA,NA,NA,NA,NA,NA,NA,NA,NA,NA,NA,NA,NA,NA,NA,NA,NA,NA,NA,NA,NA,NA,NA,NA,NA,,NA,NA,,NA,NA,NA,,NA,NA,NA,NA,NA,NA,NA,NA,NA,NA,NA,NA,NA,NA,NA,NA,NA,NA,NA,NA,NA,NA,NA,NA,NA,NA,NA,NA,NA,NA,NA,NA,NA,NA,NA,NA,NA,NA,NA,NA,NA,NA,NA,NA,NA,,NA,,NA,
59,2,2014,0,0,3,NA,NA,0,NA,NA,NA,NA,NA,NA,NA,0,NA,NA,NA,NA,1,7/12/2020,2014-07,Health,Asia,1,4,1/1/2010,2/1/2013,3.0876712799072266,2010,NR,4,4,0,NA,NA,NA,4,NA,,NA,NA,NA,NA,NA,NA,NA,NA,NA,NA,NA,NA,NA,NA,NA,NA,NA,NA,NA,NA,NA,NA,NA,NA,NA,NA,,NA,NA,,NA,NA,NA,,NA,NA,NA,NA,NA,NA,NA,NA,NA,NA,NA,NA,NA,NA,NA,NA,NA,NA,NA,NA,NA,NA,NA,NA,NA,NA,NA,NA,NA,NA,NA,NA,NA,NA,NA,NA,NA,NA,NA,NA,NA,NA,NA,NA,NA,,NA,,NA,
60,1,2015,0,1,1,0.5833333134651184,2,2,0,2,1,2,1,0.3928571343421936,1,1,1,1,1,1,1,7/12/2020,2014-11,Health,Africa,1,4,10/1/2010,10/1/2014,4.002739906311035,2010,NR,4,1,1,1,0,1,4,0,,0,1,0,0,0,0,0,0,0,0,2,0,NA,NA,NA,NA,0,NA,0,2,2,2,1,1,1,2,"24,48",2,2,431,2,0.8999999761581421,0,,NA,0,3,1,1,2,1,2,0,1,0,0,0,0,0,0,4,2,0,1,0,0,0,0,3,NA,1,4,2,3,1,0,1,1,3,2,2,2,0,0,3,3,0,0,0,,0,,0,
61,1,2017,0,1,1,0.6666666865348816,2,2,0,2,1,2,2,0.2857142984867096,1,1,1,0,0,0,1,7/15/2020,2017-07,Education,Africa,1,4,1/1/2012,1/1/2017,5.005479335784912,2012,NR,4,1,1,1,0,1,1,0,,0,1,0,0,0,0,0,0,0,2,2,0,NA,NA,NA,NA,0,NA,0,2,1,2,1,1,1,2,"18, 30",2,2,14 schools / 420 students,2,0.8999999761581421,0,,NA,0,3,1,1,0,NA,2,1,1,0,1,0,0,0,0,4,2,0,1,0,0,0,0,1,1,1,4,0,1,NA,0,0,1,1,2,0,2,1,0,1,1,0,0,0,,0,,0,
62,2,2018,0,1,2,0.8333333134651184,3,3,1,1,2,1,2,0.4285714328289032,1,1,1,2,0,0,3,8/5/2020,2017-11,Education,Asia,1,4,8/1/2015,3/2/2017,1.586301326751709,2015,NR,4,3,1,NA,NA,NA,1,1,knowledge gap for future programming and cost effectiveness,1,1,1,0,0,1,0,0,0,2,2,1,1,0,2,4,0,NA,0,1,1,2,1,2,1,2,5; 17,2,2,"122 T schools; 122 C schools; 4,320 total students",2,0.800000011920929,2,0.17,1,0,1,1,1,2,1,2,1,1,1,1,0,0,1,1,4,1,0,0,1,1,0,0,1,0,3,4,0,4,NA,1,0,0,3,2,1,2,1,1,1,1,1,1,2,$22.1 million,1,$20.80 per student,2,"$5.1 per student to increase one familiar word read cpm (grade 1, mother tongue); $15.2 per student to increase one unfamiliar English word read cpm (grade 2 or 3)"
63,2,2018,0,0,3,NA,NA,0,NA,NA,NA,NA,NA,NA,NA,0,NA,NA,NA,NA,1,7/15/2020,2018-07,Health,Europe & Euroasia,1,5,1/1/2012,1/1/2015,3.002739667892456,2012,NR,4,4,1,NA,NA,NA,4,NA,,NA,NA,NA,NA,NA,NA,NA,NA,NA,NA,NA,NA,NA,NA,NA,NA,NA,NA,NA,NA,NA,NA,NA,NA,NA,NA,,NA,NA,,NA,NA,NA,,NA,NA,NA,NA,NA,NA,NA,NA,NA,NA,NA,NA,NA,NA,NA,NA,NA,NA,NA,NA,NA,NA,NA,NA,NA,NA,NA,NA,NA,NA,NA,NA,NA,NA,NA,NA,NA,NA,NA,NA,NA,NA,NA,NA,NA,,NA,,NA,
64,1,2018,0,1,1,0.8333333134651184,3,3,2,2,1,2,2,0.4642857015132904,1,1,1,0,1,1,1,7/16/2020,2018-01,Education,LAC,1,4,1/1/2015,1/1/2016,1,2015,NR,4,1,1,2,NA,1,1,1,global evidence base,0,1,0,0,0,0,0,0,0,1,2,1,1,0,4,4,0,NA,2,2,1,2,2,1,1,1,13,0,2,Ucayali: 35 schools per T and C; San Martin: 100 schools per T and C,0,NA,0,,NA,0,3,1,1,0,NA,2,1,1,1,1,0,1,0,1,4,2,1,0,0,1,0,0,1,1,3,2,2,1,NA,2,0,1,3,2,0,1,1,0,1,1,0,0,0,,0,,0,
65,1,2013,0,1,1,0.6666666865348816,2,2,1,2,1,2,1,0.3928571343421936,1,1,1,0,1,1,1,7/20/2020,2013-02,Democracy & Governance,Asia,1,4,1/1/2009,1/1/2013,4.002739906311035,2009,NR,4,1,1,4,NA,1,1,0,,1,1,0,0,0,0,0,0,0,0,2,1,1,1,4,4,0,NA,2,2,2,1,1,1,1,1,NA,0,2,6 villages per T and C; 720 respondents per T1 and C; 540 respondents per T1 and T2,0,NA,0,,NA,0,3,1,1,0,NA,2,1,1,0,0,0,1,0,0,4,2,1,0,0,0,0,0,3,NA,4,4,2,2,7,2,0,1,3,2,0,1,1,1,3,3,0,0,0,,0,,0,
66,1,2015,0,1,1,0.4583333432674408,1,1,1,1,0,2,1,0.1666666716337204,1,1,1,0,0,0,1,7/20/2020,2014-10,Democracy & Governance,LAC,1,3,4/1/2010,3/1/2014,3.9178082942962646,2010,NR,4,1,1,2,NA,1,5,1,knowledge base for future programming,0,1,0,0,0,0,0,0,0,1,2,0,NA,NA,NA,NA,0,NA,0,0,1,2,3,2,1,2,15,1,0,,0,NA,0,,NA,0,3,1,0,0,NA,2,1,1,0,1,0,1,0,0,4,2,0,1,0,0,0,0,3,NA,4,4,0,4,NA,1,0,1,3,1,0,3,0,0,1,1,0,0,0,,0,,0,
67,2,2017,0,1,2,1,3,3,2,2,2,2,2,0.38461539149284363,1,1,1,1,1,0,1,7/21/2020,2017-09,Health,Asia,1,4,1/1/2013,1/1/2015,2,2013,NR,4,3,0,NA,NA,NA,3,1,knowledge gap for future programming,1,1,0,0,0,0,0,0,0,0,2,1,1,0,3,4,0,NA,2,2,1,2,2,2,1,1,24,2,2,120 clusters in each T and C for BRAC areas; 112 for T and C in non NGO areas (30 HHs per cluster),2,0.800000011920929,2,"5%pt change in use of contraceptive, 5%pt change in use of sanitary napkin; 7.7%pt change in children u5 who used mnp",1,0,3,1,1,2,1,2,0,1,0,0,0,0,0,1,4,2,0,1,0,0,0,0,3,NA,1,4,2,2,6,1,0,1,3,2,0,3,1,1,1,1,0,0,0,,0,,0,
68,2,2018,0,0,3,NA,NA,0,NA,NA,NA,NA,NA,NA,NA,0,NA,NA,NA,NA,1,7/22/2020,2018-06,Education,Africa,1,5,6/1/2015,2/1/2018,2.6739726066589355,2015,NR,1,5,0,NA,NA,NA,5,NA,,NA,NA,NA,NA,NA,NA,NA,NA,NA,NA,NA,NA,NA,NA,NA,NA,NA,NA,NA,NA,NA,NA,NA,NA,NA,NA,,NA,NA,,NA,NA,NA,,NA,NA,NA,NA,NA,NA,NA,NA,NA,NA,NA,NA,NA,NA,NA,NA,NA,NA,NA,NA,NA,NA,NA,NA,NA,NA,NA,NA,NA,NA,NA,NA,NA,NA,NA,NA,NA,NA,NA,NA,NA,NA,NA,NA,NA,,NA,,NA,
69,2,2019,0,0,3,NA,NA,0,NA,NA,NA,NA,NA,NA,NA,0,NA,NA,NA,NA,1,7/24/2020,2019-03,Economic Growth,Asia,1,4,8/1/2013,3/1/2019,5.583561420440674,2013,NR,3,3,1,NA,NA,NA,5,NA,,NA,NA,NA,NA,NA,NA,NA,NA,NA,NA,NA,NA,NA,NA,NA,NA,NA,NA,NA,NA,NA,NA,NA,NA,NA,NA,,NA,NA,,NA,NA,NA,,NA,NA,NA,NA,NA,NA,NA,NA,NA,NA,NA,NA,NA,NA,NA,NA,NA,NA,NA,NA,NA,NA,NA,NA,NA,NA,NA,NA,NA,NA,NA,NA,NA,NA,NA,NA,NA,NA,NA,NA,NA,NA,NA,NA,NA,,NA,,NA,
70,1,2019,0,1,1,0.9166666865348816,3,3,1,2,2,2,2,0.4615384638309479,1,1,1,1,0,0,1,7/24/2020,2019-08,Agriculture & Land,Asia,1,5,11/1/2017,7/1/2018,0.6630136966705322,2017,NR,4,1,1,1,0,1,2,1,knowledge gap for future programming,1,1,0,0,0,0,0,0,0,2,2,1,1,1,20,1,0,NA,0,2,1,1,1,1,1,1,8,2,2,700,2,0.800000011920929,2,25% change in yield per ha,1,0,1,1,1,1,1,2,1,1,0,1,0,1,0,1,4,2,0,1,1,1,0,0,1,1,1,1,0,4,NA,2,0,1,3,2,1,3,1,1,1,1,0,0,0,,0,,0,
71,2,2019,0,0,3,NA,NA,0,NA,NA,NA,NA,NA,NA,NA,0,NA,NA,NA,NA,1,7/24/2020,2019-06,Education,Asia,1,4,1/1/2017,1/1/2018,1,2017,NR,4,4,1,NA,NA,NA,5,NA,,NA,NA,NA,NA,NA,NA,NA,NA,NA,NA,NA,NA,NA,NA,NA,NA,NA,NA,NA,NA,NA,NA,NA,NA,NA,NA,,NA,NA,,NA,NA,NA,,NA,NA,NA,NA,NA,NA,NA,NA,NA,NA,NA,NA,NA,NA,NA,NA,NA,NA,NA,NA,NA,NA,NA,NA,NA,NA,NA,NA,NA,NA,NA,NA,NA,NA,NA,NA,NA,NA,NA,NA,NA,NA,NA,NA,NA,,NA,,NA,
72,2,2019,0,1,2,1,3,3,2,2,2,2,2,0.5769230723381042,2,2,1,2,1,0,1,7/24/2020,2019-09,Environment,Africa,1,4,10/1/2012,8/1/2017,4.835616588592529,2012,NR,4,3,1,NA,NA,NA,1,1,knowledge gap for future programming,0,1,0,0,0,0,0,0,0,0,2,1,1,0,7,4,0,NA,2,2,1,2,1,1,1,1,49,2,2,441 HH for each cell,2,0.800000011920929,2,10 ppt reduction in poverty prevalence,0,2,1,1,1,2,0,2,1,1,0,1,0,1,0,1,4,2,0,1,0,0,0,0,1,0,4,4,2,4,NA,2,2,1,3,2,1,2,0,1,1,1,0,0,0,,0,,0,
73,1,2019,0,1,1,0.6666666865348816,2,2,1,2,0,2,2,0.6153846383094788,2,2,1,0,2,1,1,7/26/2020,2019-09,Education,LAC,1,4,5/1/2015,5/1/2017,2.002739667892456,2015,NR,4,1,1,2,NA,1,1,0,,0,1,0,0,0,1,1,0,0,2,2,1,1,1,5,4,0,NA,2,2,2,1,1,1,1,2,"12, 24",0,0,,0,NA,0,,NA,0,3,1,1,0,NA,2,1,1,1,1,0,1,0,1,4,2,1,0,0,0,0,0,1,1,3,1,2,1,NA,2,2,1,1,2,2,3,1,1,1,1,1,1,1,,0,,2,EOG: $52 per 0.1 stdev increase in reading scores; FA: $57
74,2,2019,0,0,3,NA,NA,0,NA,NA,NA,NA,NA,NA,NA,0,NA,NA,NA,NA,2,5/26/2020,2019-07,Democracy & Governance,Asia,1,5,5/1/2018,1/1/2019,0.6712328791618347,2018,NR,4,5,0,NA,NA,NA,4,NA,,NA,NA,NA,NA,NA,NA,NA,NA,NA,NA,NA,NA,NA,NA,NA,NA,NA,NA,NA,NA,NA,NA,NA,NA,NA,NA,,NA,NA,,NA,NA,NA,,NA,NA,NA,NA,NA,NA,NA,NA,NA,NA,NA,NA,NA,NA,NA,NA,NA,NA,NA,NA,NA,NA,NA,NA,NA,NA,NA,NA,NA,NA,NA,NA,NA,NA,NA,NA,NA,NA,NA,NA,NA,NA,NA,NA,NA,,NA,,NA,
75,1,2017,0,1,1,1,3,3,2,2,2,2,2,0.5357142686843872,2,2,2,1,0,1,2,5/27/2020,2017-01,Democracy & Governance,Africa,1,5,8/1/2014,10/1/2015,1.1671233177185059,2014,NR,4,1,1,2,NA,1,1,1,knowledge gap for future programming alternative approaches,1,1,1,0,0,0,1,0,0,2,2,1,1,0,3,2,1,3,2,2,2,1,2,1,1,1,NR,2,2,50 precints in each arm,2,0.800000011920929,2,0.53 - 0.65 ,1,0,3,1,1,2,1,2,1,1,1,1,0,0,0,1,4,2,0,1,0,1,0,0,1,0,3,4,0,4,NA,0,2,1,1,2,1,1,1,1,1,1,0,0,0,,0,,0,
76,2,2017,0,0,3,NA,NA,0,NA,NA,NA,NA,NA,NA,NA,0,NA,NA,NA,NA,2,6/9/2020,2017-09,Education,Middle East,1,4,4/1/2017,9/1/2017,0.4191780686378479,2017,NR,4,5,0,NA,NA,NA,5,NA,,NA,NA,NA,NA,NA,NA,NA,NA,NA,NA,NA,NA,NA,NA,NA,NA,NA,NA,NA,NA,NA,NA,NA,NA,NA,NA,,NA,NA,,NA,NA,NA,,NA,NA,NA,NA,NA,NA,NA,NA,NA,NA,NA,NA,NA,NA,NA,NA,NA,NA,NA,NA,NA,NA,NA,NA,NA,NA,NA,NA,NA,NA,NA,NA,NA,NA,NA,NA,NA,NA,NA,NA,NA,NA,NA,NA,NA,,NA,,NA,
77,1,2018,0,1,1,0.6666666865348816,2,2,1,2,1,2,2,0.4642857015132904,1,1,2,0,1,1,2,6/8/2020,2018-04,Democracy & Governance,Africa,1,5,6/1/2014,3/1/2017,2.750684976577759,2014,NR,2,1,0,4,NA,1,4,0,,0,1,0,0,0,0,1,0,0,2,2,0,NA,NA,NA,NA,1,3,2,2,2,2,3,1,1,1,6,1,2,50 districts per arm,0,NA,0,,NA,0,3,1,1,0,NA,2,0,1,1,0,0,0,0,0,2,2,1,0,0,0,0,0,2,NA,1,3,0,3,7,1,1,1,2,2,0,1,1,0,1,1,0,0,0,,0,,0,
78,2,2017,0,1,2,0.5,2,2,1,1,1,1,1,0.13636364042758942,1,1,0,0,0,0,2,6/8/2020,2017-06,Agriculture & Land,Africa,0,1,10/1/2013,3/1/2016,2.416438341140747,2013,NR,4,3,0,NA,NA,NA,1,0,,1,1,0,0,0,0,0,0,0,0,1,0,NA,NA,NA,NA,0,NA,2,1,1,1,1,1,1,1,30,1,2,600 individuals,0,NA,0,,NA,0,3,2,NA,NA,NA,1,0,1,1,0,0,0,0,0,4,2,1,1,0,1,0,0,3,NA,4,4,0,4,NA,2,0,1,3,2,0,3,0,0,3,3,0,0,0,,0,,0,
79,2,2019,0,1,2,0.9583333134651184,3,3,2,2,2,2,1,0.3214285671710968,1,1,1,1,0,1,2,6/10/2020,2019-08,Health,Asia,1,5,10/1/2015,7/1/2017,1.7506849765777588,2015,NR,4,6,0,NA,NA,NA,1,1,knowledge gap for future programming,1,1,1,0,0,0,0,0,0,0,2,1,1,0,5,1,0,NA,2,2,3,2,2,1,1,1,24,2,2,200 clusters; 6000 HHs,2,0.800000011920929,2,2.8-3.6 %pt change in LARC/PM,1,0,3,1,1,2,0,2,1,1,1,1,0,0,0,1,4,2,0,1,0,0,0,0,3,NA,1,2,1,4,NA,0,0,1,3,1,0,1,1,1,1,1,0,0,0,,0,,0,
80,2,2018,0,1,2,0.7916666865348816,3,3,1,2,1,2,2,0.42307692766189575,1,1,1,0,1,0,2,6/15/2020,2018-09,Health,Africa,1,3,5/1/2011,4/1/2018,6.923287868499756,2011,NR,3,3,0,NA,NA,NA,3,1,knowledge gap for future programming,1,1,1,0,0,0,0,0,0,2,2,1,1,0,7,2,0,NA,1,2,1,2,2,1,1,2,48; 70,2,1,,0,NA,1,,NA,0,3,1,1,0,NA,2,1,1,1,1,0,1,0,1,4,2,1,1,0,1,0,0,1,0,3,2,0,2,5,2,1,1,1,2,1,3,1,1,1,1,0,0,0,,0,,0,
81,1,2016,0,1,1,0.6666666865348816,2,2,1,2,1,2,1,0.1428571492433548,1,1,0,0,0,0,2,6/9/2020,2015-12,Health,Africa,1,5,1/1/2012,9/1/2015,3.6684930324554443,2012,NR,4,1,0,2,NA,1,1,1,knowledge gap for future programming,1,1,0,0,0,0,1,0,0,0,1,1,1,1,2,4,0,NA,0,2,2,1,1,2,1,1,21,0,2,Total 412 villages: T1: 98 villages; T2: 105 villages; T3: 105; C=104,0,NA,0,,NA,0,3,1,1,0,NA,2,1,1,0,1,0,0,0,0,4,2,1,0,1,0,0,0,3,NA,3,4,0,4,NA,1,0,1,2,2,0,2,1,0,3,3,0,0,0,,0,,0,
82,2,2018,0,0,3,NA,NA,0,NA,NA,NA,NA,NA,NA,NA,0,NA,NA,NA,NA,2,6/25/2020,2018-09,Health,Africa,1,5,8/1/2014,9/1/2017,3.0876712799072266,2014,NR,4,5,0,NA,NA,NA,5,NA,,NA,NA,NA,NA,NA,NA,NA,NA,NA,NA,NA,NA,NA,NA,NA,NA,NA,NA,NA,NA,NA,NA,NA,NA,NA,NA,,NA,NA,,NA,NA,NA,,NA,NA,NA,NA,NA,NA,NA,NA,NA,NA,NA,NA,NA,NA,NA,NA,NA,NA,NA,NA,NA,NA,NA,NA,NA,NA,NA,NA,NA,NA,NA,NA,NA,NA,NA,NA,NA,NA,NA,NA,NA,NA,NA,NA,NA,,NA,,NA,
83,1,2018,0,1,1,0.875,3,3,1,1,1,2,2,0.4166666567325592,1,1,1,0,1,1,2,6/15/2020,2018-04,Democracy & Governance,LAC,1,5,6/1/2015,5/1/2017,1.917808175086975,2015,NR,4,1,1,4,NA,1,1,1,knowledge gap for future programming,1,1,0,0,0,0,0,0,0,2,2,1,1,0,4,4,0,NA,1,2,1,1,2,3,2,1,1-3 months,1,1,40 localities; 1000 individuals,2,0.800000011920929,2,0.125,0,0,3,2,NA,NA,NA,2,1,1,0,1,0,0,0,1,4,2,1,1,0,1,0,0,3,NA,1,2,2,3,6,2,0,1,1,2,0,1,0,1,1,1,0,0,0,,0,,0,
84,2,2014,0,0,3,NA,NA,0,NA,NA,NA,NA,NA,NA,NA,0,NA,NA,NA,NA,2,6/26/2020,2014-06,Democracy & Governance,Africa,1,3,3/1/2012,3/1/2014,2,2012,881939,2,3,1,NA,NA,NA,4,NA,,NA,NA,NA,NA,NA,NA,NA,NA,NA,NA,NA,NA,NA,NA,NA,NA,NA,NA,NA,NA,NA,NA,NA,NA,NA,NA,,NA,NA,,NA,NA,NA,,NA,NA,NA,NA,NA,NA,NA,NA,NA,NA,NA,NA,NA,NA,NA,NA,NA,NA,NA,NA,NA,NA,NA,NA,NA,NA,NA,NA,NA,NA,NA,NA,NA,NA,NA,NA,NA,NA,NA,NA,NA,NA,NA,NA,NA,,NA,,NA,
85,2,2012,0,0,3,NA,NA,0,NA,NA,NA,NA,NA,NA,NA,0,NA,NA,NA,NA,2,6/26/2020,2012-08,Democracy & Governance,Asia,1,4,10/1/2011,7/1/2012,0.750684916973114,2011,NR,4,5,0,NA,NA,NA,5,NA,,NA,NA,NA,NA,NA,NA,NA,NA,NA,NA,NA,NA,NA,NA,NA,NA,NA,NA,NA,NA,NA,NA,NA,NA,NA,NA,,NA,NA,,NA,NA,NA,,NA,NA,NA,NA,NA,NA,NA,NA,NA,NA,NA,NA,NA,NA,NA,NA,NA,NA,NA,NA,NA,NA,NA,NA,NA,NA,NA,NA,NA,NA,NA,NA,NA,NA,NA,NA,NA,NA,NA,NA,NA,NA,NA,NA,NA,,NA,,NA,
86,1,2014,0,1,1,0.6666666865348816,2,2,1,2,0,2,1,0.5,2,2,1,0,1,1,2,6/15/2020,2014-08,Democracy & Governance,Africa,1,4,6/1/2012,8/1/2013,1.1671233177185059,2012,NR,3,1,0,3,NA,1,4,1,global evidence base,1,1,0,0,0,0,1,0,0,1,1,1,1,1,2,4,1,4,1,2,3,1,2,1,1,1,6-9 months,1,1,,0,NA,0,,NA,0,3,1,1,0,NA,2,1,1,0,1,0,1,0,0,1,2,1,0,0,1,0,0,1,0,1,2,2,3,4,0,1,1,1,2,2,3,0,1,3,3,0,0,0,,0,,0,
87,1,2018,0,1,1,0.25,1,1,1,1,0,1,0,0.1818181872367859,1,1,1,0,0,0,2,5/28/2020,2017-10,Health,Africa,1,6,7/1/2013,7/1/2017,4.002739906311035,2013,NR,4,1,1,1,0,1,5,0,,1,1,1,0,0,0,0,0,0,1,2,1,1,0,4,4,0,NA,0,2,3,1,1,4,1,2,3 weeks; 12-16 weeks,0,0,,0,NA,0,,NA,0,3,2,NA,NA,NA,2,0,1,0,0,0,0,0,0,4,0,NA,NA,NA,NA,NA,NA,3,NA,3,4,0,4,NA,1,0,1,3,0,0,3,0,0,3,3,0,0,0,,0,,0,
88,2,2015,0,1,2,0.4166666567325592,1,1,0,1,0,2,1,0.25,1,1,0,0,1,1,2,6/29/2020,2015-04,Environment,Africa,1,6,5/1/2014,10/1/2014,0.4191780686378479,2014,NR,4,3,0,NA,NA,NA,1,0,,0,1,1,0,0,0,0,0,0,0,0,0,NA,NA,NA,NA,0,NA,0,2,1,1,1,3,1,1,3 months,0,1,,0,NA,0,,NA,0,3,2,NA,NA,NA,2,0,1,0,0,0,0,0,0,4,2,1,1,0,0,0,0,3,NA,4,1,1,4,NA,1,2,1,3,2,2,2,1,0,3,3,0,0,0,,0,,0,
89,1,2019,0,1,1,0.7916666865348816,3,3,1,2,2,2,1,0.6785714030265808,3,3,2,2,1,1,2,7/8/2020,2019-06,Democracy & Governance,Africa,1,5,1/1/2018,7/1/2018,0.49589040875434875,2018,NR,4,1,0,4,NA,1,1,0,,0,1,0,0,0,0,0,0,0,2,2,1,1,0,2,4,1,2,1,2,1,1,2,1,1,1,2,2,2,"Based on these estimates, for an experiment with 2 treatment arms, the suggested sample size was 66 villages per condition (for a total of 132 villages), and 22 core participants per village (with an expected attrition of 20 percent). Therefore, the total baseline sample was expected to include 2,904 core participants.",2,0.800000011920929,2,0.2,0,0,1,1,1,2,1,2,1,1,0,1,0,1,0,1,4,2,1,0,0,1,0,0,3,NA,4,2,2,2,6,2,0,1,3,2,0,1,1,1,3,3,0,0,0,,0,,0,
90,1,2018,0,1,1,0.75,3,3,2,2,0,2,2,0.6666666865348816,3,3,2,0,1,2,2,7/20/2020,2018-03,Economic Growth,Asia,1,4,8/1/2015,8/1/2017,2.002739667892456,2015,NR,4,1,0,3,NA,1,1,1,knowledge gap for future programming,0,1,0,0,0,0,1,0,0,2,2,1,1,1,2,1,1,1,2,2,2,1,1,1,1,3,"3, 12, 24",1,0,,0,NA,0,,NA,0,3,2,NA,NA,NA,2,1,1,0,1,0,1,0,1,4,2,0,1,1,1,0,0,3,NA,3,1,2,3,6,2,2,1,3,2,2,1,1,1,1,1,0,0,0,,0,,0,
91,2,2015,0,0,3,NA,NA,0,NA,NA,NA,NA,NA,NA,NA,0,NA,NA,NA,NA,2,7/26/2020,2015-03,Agriculture & Land,Europe & Euroasia,1,4,12/1/2014,3/1/2015,0.24657534062862396,2014,NR,4,6,0,NA,NA,NA,5,NA,,NA,NA,NA,NA,NA,NA,NA,NA,NA,NA,NA,NA,NA,NA,NA,NA,NA,NA,NA,NA,NA,NA,NA,NA,NA,NA,,NA,NA,,NA,NA,NA,,NA,NA,NA,NA,NA,NA,NA,NA,NA,NA,NA,NA,NA,NA,NA,NA,NA,NA,NA,NA,NA,NA,NA,NA,NA,NA,NA,NA,NA,NA,NA,NA,NA,NA,NA,NA,NA,NA,NA,NA,NA,NA,NA,NA,NA,,NA,,NA,
92,2,2019,0,0,3,NA,NA,0,NA,NA,NA,NA,NA,NA,NA,0,NA,NA,NA,NA,2,7/26/2020,2019-09,Democracy & Governance,Asia,1,4,6/1/2018,7/1/2019,1.082191824913025,2018,NR,4,3,0,NA,NA,NA,4,NA,,NA,NA,NA,NA,NA,NA,NA,NA,NA,NA,NA,NA,NA,NA,NA,NA,NA,NA,NA,NA,NA,NA,NA,NA,NA,NA,,NA,NA,,NA,NA,NA,,NA,NA,NA,NA,NA,NA,NA,NA,NA,NA,NA,NA,NA,NA,NA,NA,NA,NA,NA,NA,NA,NA,NA,NA,NA,NA,NA,NA,NA,NA,NA,NA,NA,NA,NA,NA,NA,NA,NA,NA,NA,NA,NA,NA,NA,,NA,,NA,
93,1,2015,0,1,1,0.5833333134651184,2,2,1,2,0,2,1,0.5,2,2,2,0,0,2,2,7/27/2020,2015-05,Democracy & Governance,Africa,1,5,10/1/2013,12/1/2013,0.16712328791618347,2013,NR,4,1,1,3,NA,1,1,1,knowledge gap for future programming,0,1,0,0,0,1,1,0,0,2,2,0,NA,NA,NA,NA,1,10,2,2,2,1,2,1,1,1,0.5,0,0,,0,NA,0,,NA,0,3,2,NA,NA,NA,2,0,1,0,0,0,0,0,0,2,2,1,0,0,0,0,0,1,1,3,2,0,4,NA,0,1,1,3,2,2,1,0,1,3,3,0,0,0,,0,,0,
94,1,2015,0,1,1,0.625,2,2,0,2,2,1,1,0.5384615659713745,2,2,1,1,1,0,2,7/26/2020,2015-08,Education,Asia,1,5,5/1/2013,7/1/2014,1.1671233177185059,2013,445829,1,1,0,2,NA,1,4,0,,0,1,1,1,0,0,1,0,0,2,2,0,NA,NA,NA,NA,0,NA,0,2,2,1,1,1,1,1,2,2,2,444 villages,2,0.800000011920929,2,0.1,1,0,3,1,1,2,1,2,1,1,0,1,0,0,1,1,1,1,1,0,0,0,0,0,1,0,4,1,2,3,7,1,0,1,1,2,1,3,0,0,3,3,1,1,2,496908,1,14,0,
95,2,2016,0,0,3,NA,NA,0,NA,NA,NA,NA,NA,NA,NA,0,NA,NA,NA,NA,2,7/2/2020,2016-01,Education,Europe & Euroasia,1,6,1/1/2013,1/1/2015,2,2013,NR,4,5,0,NA,NA,NA,5,NA,,NA,NA,NA,NA,NA,NA,NA,NA,NA,NA,NA,NA,NA,NA,NA,NA,NA,NA,NA,NA,NA,NA,NA,NA,NA,NA,,NA,NA,,NA,NA,NA,,NA,NA,NA,NA,NA,NA,NA,NA,NA,NA,NA,NA,NA,NA,NA,NA,NA,NA,NA,NA,NA,NA,NA,NA,NA,NA,NA,NA,NA,NA,NA,NA,NA,NA,NA,NA,NA,NA,NA,NA,NA,NA,NA,NA,NA,,NA,,NA,
96,2,2017,0,0,3,NA,NA,0,NA,NA,NA,NA,NA,NA,NA,0,NA,NA,NA,NA,2,7/2/2020,2016-10,Economic Growth,LAC,1,3,1/1/2012,1/1/2015,3.002739667892456,2012,NR,4,3,0,NA,NA,NA,4,NA,,NA,NA,NA,NA,NA,NA,NA,NA,NA,NA,NA,NA,NA,NA,NA,NA,NA,NA,NA,NA,NA,NA,NA,NA,NA,NA,,NA,NA,,NA,NA,NA,,NA,NA,NA,NA,NA,NA,NA,NA,NA,NA,NA,NA,NA,NA,NA,NA,NA,NA,NA,NA,NA,NA,NA,NA,NA,NA,NA,NA,NA,NA,NA,NA,NA,NA,NA,NA,NA,NA,NA,NA,NA,NA,NA,NA,NA,,NA,,NA,
97,1,2018,0,1,1,0.5833333134651184,2,2,1,2,1,2,1,0.5,2,2,1,0,1,2,2,7/28/2020,2018-06,Health,Africa,1,5,8/1/2016,9/1/2017,1.084931492805481,2016,NR,4,1,0,3,NA,1,1,0,,1,1,0,0,0,1,1,0,0,2,2,1,1,1,5,4,0,NA,0,2,2,2,1,1,1,1,12 months for cash; 8-9 months for Gikuriro,0,2,248 villages total: 74 villages T; 74 villages C; 100 villages Cash,0,NA,0,,NA,0,3,1,1,0,NA,2,0,1,1,0,0,0,1,1,3,2,1,0,0,1,1,0,1,1,1,1,2,4,NA,2,0,1,1,2,2,1,1,0,3,3,1,1,2,7961053.68,1,$141.84 per beneficiary,1,
98,2,2018,0,1,2,0.5,2,2,0,1,NA,2,1,0.5,2,2,1,NA,0,1,3,7/28/2020,2018-09,Agriculture & Land,Asia,1,5,,,NA,NA,NR,4,6,0,NA,NA,NA,3,0,,0,1,0,0,0,0,0,1,0,2,2,0,NA,NA,NA,NA,0,NA,0,1,3,1,2,1,28,16,5 - 24 months (roll-in T),NA,NA,,NA,NA,NA,,NA,NA,NA,NA,NA,NA,NA,2,0,0,1,0,0,0,0,NA,4,2,0,0,1,1,0,0,1,NA,NA,4,NA,NA,NA,NA,0,1,3,2,2,3,0,0,3,3,0,0,0,,0,,0,
99,1,2018,0,1,1,0.5833333134651184,2,2,1,2,1,1,2,0.25,1,1,1,0,0,1,2,7/29/2020,2018-01,Economic Growth,Africa,1,4,10/1/2016,9/1/2017,0.9178082346916199,2016,NR,4,1,0,6,NA,1,4,0,,1,1,0,0,0,0,1,0,0,0,2,1,1,0,14,4,0,NA,0,2,2,1,2,2,1,1,12,0,2,"400 T1; 400 T2; 400 T3; 1,200 C",0,NA,0,,NA,0,3,2,NA,NA,NA,2,1,1,0,1,0,1,0,0,4,0,NA,NA,NA,NA,NA,NA,1,1,4,4,0,4,NA,1,1,1,1,2,0,1,1,1,1,1,0,0,0,,0,,0,
100,2,2015,0,0,3,NA,NA,0,NA,NA,NA,NA,NA,NA,NA,0,NA,NA,NA,NA,2,7/27/2020,2015-04,Democracy & Governance,Africa,1,5,10/1/2013,10/1/2014,1,2013,NR,4,5,0,NA,NA,NA,5,NA,,NA,NA,NA,NA,NA,NA,NA,NA,NA,NA,NA,NA,NA,NA,NA,NA,NA,NA,NA,NA,NA,NA,NA,NA,NA,NA,,NA,NA,,NA,NA,NA,,NA,NA,NA,NA,NA,NA,NA,NA,NA,NA,NA,NA,NA,NA,NA,NA,NA,NA,NA,NA,NA,NA,NA,NA,NA,NA,NA,NA,NA,NA,NA,NA,NA,NA,NA,NA,NA,NA,NA,NA,NA,NA,NA,NA,NA,,NA,,NA,
101,1,2015,0,1,1,0.8333333134651184,3,3,1,2,2,2,1,0.4285714328289032,1,1,1,0,1,1,2,7/29/2020,2015-09,Education,Asia,1,4,1/1/2011,1/1/2015,4.002739906311035,2011,NR,4,1,0,2,NA,1,1,0,,0,1,0,0,0,0,0,0,0,2,2,1,1,0,5,4,0,NA,2,2,1,2,2,1,1,3,"3, 9,12",2,2,206 total schools,2,0.800000011920929,2,4 ppt change in dropout rate,0,0,3,1,1,0,NA,2,0,1,0,0,0,0,1,1,4,2,1,0,0,1,0,0,1,0,3,2,0,4,NA,1,2,1,3,2,1,1,0,1,3,3,0,0,0,,0,,0,
102,1,2018,0,1,1,0.4583333432674408,1,1,1,2,0,1,1,0.2857142984867096,1,1,1,0,1,0,2,7/29/2020,2017-10,Agriculture & Land,Africa,1,6,1/1/2013,7/1/2017,4.498630046844482,2013,NR,4,1,1,2,NA,1,1,0,,1,1,1,0,0,0,0,0,0,0,2,1,1,1,2,4,0,NA,0,2,2,2,2,1,1,3,12 each round,2,0,,0,NA,0,,NA,0,3,1,1,0,NA,2,1,1,0,1,0,1,0,0,4,0,NA,NA,NA,NA,NA,NA,3,NA,4,2,1,4,NA,1,2,0,3,1,0,2,0,1,1,1,0,0,0,,0,,0,
103,1,2018,0,1,1,0.625,2,2,2,1,0,2,1,0.3214285671710968,1,1,1,0,0,1,2,7/29/2020,2017-10,Democracy & Governance,Africa,1,5,6/1/2014,3/1/2016,1.7506849765777588,2014,NR,4,1,0,1,0,1,5,1,global evidence base,1,1,0,0,0,0,0,0,0,2,0,1,1,0,4,4,0,NA,2,2,1,1,2,3,0,1,12,0,0,,0,NA,0,,NA,0,3,1,1,0,NA,2,1,1,1,1,0,1,0,1,3,2,1,0,0,1,0,0,3,NA,3,2,0,4,NA,0,2,0,2,2,1,1,1,1,2,1,0,0,0,,0,,0,
104,2,2016,0,1,2,0.75,3,3,0,2,2,2,2,0.5714285969734192,2,2,0,2,1,2,2,7/29/2020,2016-01,Agriculture & Land,LAC,1,4,5/1/2012,5/1/2015,3,2012,NR,4,3,0,NA,NA,NA,1,0,,0,1,1,0,0,0,0,0,0,0,0,0,NA,NA,NA,NA,0,NA,0,2,1,2,2,2,1,2,12; 36,2,2,"570 HHs per dept: 3,417 total households in 427 PSUs",2,0.800000011920929,2,12.2% standardized difference in expenditures,0,0,1,1,1,2,1,2,1,1,1,1,0,0,1,0,4,2,1,1,0,0,0,0,1,1,4,2,2,4,NA,2,2,1,2,2,2,1,0,1,1,1,0,0,0,,0,,0,
105,2,2019,0,1,2,0.5555555820465088,2,2,0,2,NA,2,1,0.25,1,1,1,NA,0,1,2,7/29/2020,2018-11,Environment,LAC,1,4,,,NA,NA,NR,4,6,1,NA,NA,NA,1,0,,0,1,0,0,0,0,0,0,0,1,2,0,NA,NA,NA,NA,0,NA,0,2,1,1,1,1,1,5,12 months each,NA,NA,,NA,NA,NA,,NA,NA,NA,NA,NA,NA,NA,2,0,0,1,0,0,0,0,NA,4,2,0,1,0,1,0,0,1,NA,NA,4,0,4,NA,0,0,1,3,2,0,1,0,0,3,3,0,0,0,,0,,0,
106,2,2018,0,1,2,0.5,2,2,0,1,NA,2,1,0.1666666716337204,1,1,0,NA,0,0,3,7/30/2020,2018-04,Economic Growth,Middle East,1,5,,,NA,NA,NR,4,6,0,NA,NA,NA,3,0,,0,1,0,0,0,0,0,1,0,1,0,0,NA,NA,NA,NA,0,NA,0,1,3,1,2,1,11,46,5,NA,NA,,NA,NA,NA,,NA,NA,NA,NA,NA,NA,NA,2,0,0,1,0,0,0,0,NA,4,2,0,0,1,1,0,0,1,NA,NA,4,NA,NA,NA,NA,0,1,3,2,1,3,0,0,3,3,0,0,0,,0,,0,
107,2,2018,0,1,2,0.3333333432674408,1,1,1,1,0,1,1,0.3333333432674408,1,1,2,0,0,0,3,7/23/2020,2018-08,Democracy & Governance,Asia,1,4,11/1/2017,1/1/2018,0.16712328791618347,2017,NR,4,6,1,NA,NA,NA,1,0,,0,1,0,0,0,0,0,0,0,2,2,1,1,0,6,4,1,11,0,2,2,1,3,4,1,1,2,0,0,,0,NA,0,,NA,0,3,2,NA,NA,NA,1,0,1,0,0,0,0,0,0,4,1,0,0,1,0,0,0,1,1,4,3,2,3,1,0,0,0,4,2,0,2,0,0,3,3,0,0,0,,0,,0,
108,2,2016,0,0,3,NA,NA,0,NA,NA,NA,NA,NA,NA,NA,0,NA,NA,NA,NA,3,44052,2016-09,Education,Asia,1,5,8/1/2014,4/1/2016,1.6684931516647339,2014,NR,4,5,0,NA,NA,NA,5,NA,,NA,NA,NA,NA,NA,NA,NA,NA,NA,NA,NA,NA,NA,NA,NA,NA,NA,NA,NA,NA,NA,NA,NA,NA,NA,NA,,NA,NA,,NA,NA,NA,,NA,NA,NA,NA,NA,NA,NA,NA,NA,NA,NA,NA,NA,NA,NA,NA,NA,NA,NA,NA,NA,NA,NA,NA,NA,NA,NA,NA,NA,NA,NA,NA,NA,NA,NA,NA,NA,NA,NA,NA,NA,NA,NA,NA,NA,,NA,,NA,
109,2,2018,0,0,3,NA,NA,0,NA,NA,NA,NA,NA,NA,NA,0,NA,NA,NA,NA,3,44020,2018-03,Economic Growth,Europe & Euroasia,1,4,1/1/2014,1/1/2016,2,2014,NR,1,4,0,NA,NA,NA,5,NA,,NA,NA,NA,NA,NA,NA,NA,NA,NA,NA,NA,NA,NA,NA,NA,NA,NA,NA,NA,NA,NA,NA,NA,NA,NA,NA,,NA,NA,,NA,NA,NA,,NA,NA,NA,NA,NA,NA,NA,NA,NA,NA,NA,NA,NA,NA,NA,NA,NA,NA,NA,NA,NA,NA,NA,NA,NA,NA,NA,NA,NA,NA,NA,NA,NA,NA,NA,NA,NA,NA,NA,NA,NA,NA,NA,NA,NA,,NA,,NA,
110,4,2012,0,0,4,NA,NA,0,NA,NA,NA,NA,NA,NA,NA,0,NA,NA,NA,NA,3,4/3/2020,,Environment,Europe & Euroasia,NA,NA,,,NA,NA,,NA,NA,NA,NA,NA,NA,NA,NA,,NA,NA,NA,NA,NA,NA,NA,NA,NA,NA,NA,NA,NA,NA,NA,NA,NA,NA,NA,NA,NA,NA,NA,NA,NA,NA,,NA,NA,,NA,NA,NA,,NA,NA,NA,NA,NA,NA,NA,NA,NA,NA,NA,NA,NA,NA,NA,NA,NA,NA,NA,NA,NA,NA,NA,NA,NA,NA,NA,NA,NA,NA,NA,NA,NA,NA,NA,NA,NA,NA,NA,NA,NA,NA,NA,NA,NA,,NA,,NA,
111,4,2013,0,0,4,NA,NA,0,NA,NA,NA,NA,NA,NA,NA,0,NA,NA,NA,NA,3,4/3/2020,,Agriculture & Land,Asia,NA,NA,,,NA,NA,,NA,NA,NA,NA,NA,NA,NA,NA,,NA,NA,NA,NA,NA,NA,NA,NA,NA,NA,NA,NA,NA,NA,NA,NA,NA,NA,NA,NA,NA,NA,NA,NA,NA,NA,,NA,NA,,NA,NA,NA,,NA,NA,NA,NA,NA,NA,NA,NA,NA,NA,NA,NA,NA,NA,NA,NA,NA,NA,NA,NA,NA,NA,NA,NA,NA,NA,NA,NA,NA,NA,NA,NA,NA,NA,NA,NA,NA,NA,NA,NA,NA,NA,NA,NA,NA,,NA,,NA,
112,4,2013,0,0,4,NA,NA,0,NA,NA,NA,NA,NA,NA,NA,0,NA,NA,NA,NA,3,4/3/2020,,Democracy & Governance,Asia,NA,NA,,,NA,NA,,NA,NA,NA,NA,NA,NA,NA,NA,,NA,NA,NA,NA,NA,NA,NA,NA,NA,NA,NA,NA,NA,NA,NA,NA,NA,NA,NA,NA,NA,NA,NA,NA,NA,NA,,NA,NA,,NA,NA,NA,,NA,NA,NA,NA,NA,NA,NA,NA,NA,NA,NA,NA,NA,NA,NA,NA,NA,NA,NA,NA,NA,NA,NA,NA,NA,NA,NA,NA,NA,NA,NA,NA,NA,NA,NA,NA,NA,NA,NA,NA,NA,NA,NA,NA,NA,,NA,,NA,
113,4,2014,0,0,4,NA,NA,0,NA,NA,NA,NA,NA,NA,NA,0,NA,NA,NA,NA,3,4/3/2020,,Agriculture & Land,Africa,NA,NA,,,NA,NA,,NA,NA,NA,NA,NA,NA,NA,NA,,NA,NA,NA,NA,NA,NA,NA,NA,NA,NA,NA,NA,NA,NA,NA,NA,NA,NA,NA,NA,NA,NA,NA,NA,NA,NA,,NA,NA,,NA,NA,NA,,NA,NA,NA,NA,NA,NA,NA,NA,NA,NA,NA,NA,NA,NA,NA,NA,NA,NA,NA,NA,NA,NA,NA,NA,NA,NA,NA,NA,NA,NA,NA,NA,NA,NA,NA,NA,NA,NA,NA,NA,NA,NA,NA,NA,NA,,NA,,NA,
114,4,2015,0,0,4,NA,NA,0,NA,NA,NA,NA,NA,NA,NA,0,NA,NA,NA,NA,3,4/3/2020,,Health,Africa,NA,NA,,,NA,NA,,NA,NA,NA,NA,NA,NA,NA,NA,,NA,NA,NA,NA,NA,NA,NA,NA,NA,NA,NA,NA,NA,NA,NA,NA,NA,NA,NA,NA,NA,NA,NA,NA,NA,NA,,NA,NA,,NA,NA,NA,,NA,NA,NA,NA,NA,NA,NA,NA,NA,NA,NA,NA,NA,NA,NA,NA,NA,NA,NA,NA,NA,NA,NA,NA,NA,NA,NA,NA,NA,NA,NA,NA,NA,NA,NA,NA,NA,NA,NA,NA,NA,NA,NA,NA,NA,,NA,,NA,
115,4,2015,0,0,4,NA,NA,0,NA,NA,NA,NA,NA,NA,NA,0,NA,NA,NA,NA,3,4/3/2020,,Agriculture & Land,Asia,NA,NA,,,NA,NA,,NA,NA,NA,NA,NA,NA,NA,NA,,NA,NA,NA,NA,NA,NA,NA,NA,NA,NA,NA,NA,NA,NA,NA,NA,NA,NA,NA,NA,NA,NA,NA,NA,NA,NA,,NA,NA,,NA,NA,NA,,NA,NA,NA,NA,NA,NA,NA,NA,NA,NA,NA,NA,NA,NA,NA,NA,NA,NA,NA,NA,NA,NA,NA,NA,NA,NA,NA,NA,NA,NA,NA,NA,NA,NA,NA,NA,NA,NA,NA,NA,NA,NA,NA,NA,NA,,NA,,NA,
116,4,2016,0,0,4,NA,NA,0,NA,NA,NA,NA,NA,NA,NA,0,NA,NA,NA,NA,3,4/3/2020,,Health,Africa,NA,NA,,,NA,NA,,NA,NA,NA,NA,NA,NA,NA,NA,,NA,NA,NA,NA,NA,NA,NA,NA,NA,NA,NA,NA,NA,NA,NA,NA,NA,NA,NA,NA,NA,NA,NA,NA,NA,NA,,NA,NA,,NA,NA,NA,,NA,NA,NA,NA,NA,NA,NA,NA,NA,NA,NA,NA,NA,NA,NA,NA,NA,NA,NA,NA,NA,NA,NA,NA,NA,NA,NA,NA,NA,NA,NA,NA,NA,NA,NA,NA,NA,NA,NA,NA,NA,NA,NA,NA,NA,,NA,,NA,
117,4,2017,0,0,4,NA,NA,0,NA,NA,NA,NA,NA,NA,NA,0,NA,NA,NA,NA,3,4/3/2020,,Democracy & Governance,Asia,NA,NA,,,NA,NA,,NA,NA,NA,NA,NA,NA,NA,NA,,NA,NA,NA,NA,NA,NA,NA,NA,NA,NA,NA,NA,NA,NA,NA,NA,NA,NA,NA,NA,NA,NA,NA,NA,NA,NA,,NA,NA,,NA,NA,NA,,NA,NA,NA,NA,NA,NA,NA,NA,NA,NA,NA,NA,NA,NA,NA,NA,NA,NA,NA,NA,NA,NA,NA,NA,NA,NA,NA,NA,NA,NA,NA,NA,NA,NA,NA,NA,NA,NA,NA,NA,NA,NA,NA,NA,NA,,NA,,NA,
118,4,2017,0,0,4,NA,NA,0,NA,NA,NA,NA,NA,NA,NA,0,NA,NA,NA,NA,3,4/3/2020,,Health,Africa,NA,NA,,,NA,NA,,NA,NA,NA,NA,NA,NA,NA,NA,,NA,NA,NA,NA,NA,NA,NA,NA,NA,NA,NA,NA,NA,NA,NA,NA,NA,NA,NA,NA,NA,NA,NA,NA,NA,NA,,NA,NA,,NA,NA,NA,,NA,NA,NA,NA,NA,NA,NA,NA,NA,NA,NA,NA,NA,NA,NA,NA,NA,NA,NA,NA,NA,NA,NA,NA,NA,NA,NA,NA,NA,NA,NA,NA,NA,NA,NA,NA,NA,NA,NA,NA,NA,NA,NA,NA,NA,,NA,,NA,
119,4,2017,0,0,4,NA,NA,0,NA,NA,NA,NA,NA,NA,NA,0,NA,NA,NA,NA,3,4/3/2020,,Health,Africa,NA,NA,,,NA,NA,,NA,NA,NA,NA,NA,NA,NA,NA,,NA,NA,NA,NA,NA,NA,NA,NA,NA,NA,NA,NA,NA,NA,NA,NA,NA,NA,NA,NA,NA,NA,NA,NA,NA,NA,,NA,NA,,NA,NA,NA,,NA,NA,NA,NA,NA,NA,NA,NA,NA,NA,NA,NA,NA,NA,NA,NA,NA,NA,NA,NA,NA,NA,NA,NA,NA,NA,NA,NA,NA,NA,NA,NA,NA,NA,NA,NA,NA,NA,NA,NA,NA,NA,NA,NA,NA,,NA,,NA,
120,4,2018,0,0,4,NA,NA,0,NA,NA,NA,NA,NA,NA,NA,0,NA,NA,NA,NA,3,4/3/2020,,Health,Africa,NA,NA,,,NA,NA,,NA,NA,NA,NA,NA,NA,NA,NA,,NA,NA,NA,NA,NA,NA,NA,NA,NA,NA,NA,NA,NA,NA,NA,NA,NA,NA,NA,NA,NA,NA,NA,NA,NA,NA,,NA,NA,,NA,NA,NA,,NA,NA,NA,NA,NA,NA,NA,NA,NA,NA,NA,NA,NA,NA,NA,NA,NA,NA,NA,NA,NA,NA,NA,NA,NA,NA,NA,NA,NA,NA,NA,NA,NA,NA,NA,NA,NA,NA,NA,NA,NA,NA,NA,NA,NA,,NA,,NA,
121,4,2019,0,0,4,NA,NA,0,NA,NA,NA,NA,NA,NA,NA,0,NA,NA,NA,NA,3,4/3/2020,,Agriculture & Land,Africa,NA,NA,,,NA,NA,,NA,NA,NA,NA,NA,NA,NA,NA,,NA,NA,NA,NA,NA,NA,NA,NA,NA,NA,NA,NA,NA,NA,NA,NA,NA,NA,NA,NA,NA,NA,NA,NA,NA,NA,,NA,NA,,NA,NA,NA,,NA,NA,NA,NA,NA,NA,NA,NA,NA,NA,NA,NA,NA,NA,NA,NA,NA,NA,NA,NA,NA,NA,NA,NA,NA,NA,NA,NA,NA,NA,NA,NA,NA,NA,NA,NA,NA,NA,NA,NA,NA,NA,NA,NA,NA,,NA,,NA,
122,4,2019,0,0,4,NA,NA,0,NA,NA,NA,NA,NA,NA,NA,0,NA,NA,NA,NA,3,4/3/2020,,Health,Africa,NA,NA,,,NA,NA,,NA,NA,NA,NA,NA,NA,NA,NA,,NA,NA,NA,NA,NA,NA,NA,NA,NA,NA,NA,NA,NA,NA,NA,NA,NA,NA,NA,NA,NA,NA,NA,NA,NA,NA,,NA,NA,,NA,NA,NA,,NA,NA,NA,NA,NA,NA,NA,NA,NA,NA,NA,NA,NA,NA,NA,NA,NA,NA,NA,NA,NA,NA,NA,NA,NA,NA,NA,NA,NA,NA,NA,NA,NA,NA,NA,NA,NA,NA,NA,NA,NA,NA,NA,NA,NA,,NA,,NA,
123,4,2019,0,0,4,NA,NA,0,NA,NA,NA,NA,NA,NA,NA,0,NA,NA,NA,NA,3,4/3/2020,,Economic Growth,Africa,NA,NA,,,NA,NA,,NA,NA,NA,NA,NA,NA,NA,NA,,NA,NA,NA,NA,NA,NA,NA,NA,NA,NA,NA,NA,NA,NA,NA,NA,NA,NA,NA,NA,NA,NA,NA,NA,NA,NA,,NA,NA,,NA,NA,NA,,NA,NA,NA,NA,NA,NA,NA,NA,NA,NA,NA,NA,NA,NA,NA,NA,NA,NA,NA,NA,NA,NA,NA,NA,NA,NA,NA,NA,NA,NA,NA,NA,NA,NA,NA,NA,NA,NA,NA,NA,NA,NA,NA,NA,NA,,NA,,NA,
124,4,2019,0,0,4,NA,NA,0,NA,NA,NA,NA,NA,NA,NA,0,NA,NA,NA,NA,3,4/3/2020,,Economic Growth,Africa,NA,NA,,,NA,NA,,NA,NA,NA,NA,NA,NA,NA,NA,,NA,NA,NA,NA,NA,NA,NA,NA,NA,NA,NA,NA,NA,NA,NA,NA,NA,NA,NA,NA,NA,NA,NA,NA,NA,NA,,NA,NA,,NA,NA,NA,,NA,NA,NA,NA,NA,NA,NA,NA,NA,NA,NA,NA,NA,NA,NA,NA,NA,NA,NA,NA,NA,NA,NA,NA,NA,NA,NA,NA,NA,NA,NA,NA,NA,NA,NA,NA,NA,NA,NA,NA,NA,NA,NA,NA,NA,,NA,,NA,
125,4,2018,0,0,4,NA,NA,0,NA,NA,NA,NA,NA,NA,NA,0,NA,NA,NA,NA,3,4/3/2020,,Health,Africa,NA,NA,,,NA,NA,,NA,NA,NA,NA,NA,NA,NA,NA,,NA,NA,NA,NA,NA,NA,NA,NA,NA,NA,NA,NA,NA,NA,NA,NA,NA,NA,NA,NA,NA,NA,NA,NA,NA,NA,,NA,NA,,NA,NA,NA,,NA,NA,NA,NA,NA,NA,NA,NA,NA,NA,NA,NA,NA,NA,NA,NA,NA,NA,NA,NA,NA,NA,NA,NA,NA,NA,NA,NA,NA,NA,NA,NA,NA,NA,NA,NA,NA,NA,NA,NA,NA,NA,NA,NA,NA,,NA,,NA,
126,4,2015,0,0,4,NA,NA,0,NA,NA,NA,NA,NA,NA,NA,0,NA,NA,NA,NA,3,4/3/2020,,Health,Africa,NA,NA,,,NA,NA,,NA,NA,NA,NA,NA,NA,NA,NA,,NA,NA,NA,NA,NA,NA,NA,NA,NA,NA,NA,NA,NA,NA,NA,NA,NA,NA,NA,NA,NA,NA,NA,NA,NA,NA,,NA,NA,,NA,NA,NA,,NA,NA,NA,NA,NA,NA,NA,NA,NA,NA,NA,NA,NA,NA,NA,NA,NA,NA,NA,NA,NA,NA,NA,NA,NA,NA,NA,NA,NA,NA,NA,NA,NA,NA,NA,NA,NA,NA,NA,NA,NA,NA,NA,NA,NA,,NA,,NA,
127,4,2014,0,0,4,NA,NA,0,NA,NA,NA,NA,NA,NA,NA,0,NA,NA,NA,NA,3,4/3/2020,,Health,Africa,NA,NA,,,NA,NA,,NA,NA,NA,NA,NA,NA,NA,NA,,NA,NA,NA,NA,NA,NA,NA,NA,NA,NA,NA,NA,NA,NA,NA,NA,NA,NA,NA,NA,NA,NA,NA,NA,NA,NA,,NA,NA,,NA,NA,NA,,NA,NA,NA,NA,NA,NA,NA,NA,NA,NA,NA,NA,NA,NA,NA,NA,NA,NA,NA,NA,NA,NA,NA,NA,NA,NA,NA,NA,NA,NA,NA,NA,NA,NA,NA,NA,NA,NA,NA,NA,NA,NA,NA,NA,NA,,NA,,NA,
128,4,2016,0,0,4,NA,NA,0,NA,NA,NA,NA,NA,NA,NA,0,NA,NA,NA,NA,3,4/3/2020,,Health,Africa,NA,NA,,,NA,NA,,NA,NA,NA,NA,NA,NA,NA,NA,,NA,NA,NA,NA,NA,NA,NA,NA,NA,NA,NA,NA,NA,NA,NA,NA,NA,NA,NA,NA,NA,NA,NA,NA,NA,NA,,NA,NA,,NA,NA,NA,,NA,NA,NA,NA,NA,NA,NA,NA,NA,NA,NA,NA,NA,NA,NA,NA,NA,NA,NA,NA,NA,NA,NA,NA,NA,NA,NA,NA,NA,NA,NA,NA,NA,NA,NA,NA,NA,NA,NA,NA,NA,NA,NA,NA,NA,,NA,,NA,
129,4,2018,0,0,4,NA,NA,0,NA,NA,NA,NA,NA,NA,NA,0,NA,NA,NA,NA,3,4/3/2020,,Health,Africa,NA,NA,,,NA,NA,,NA,NA,NA,NA,NA,NA,NA,NA,,NA,NA,NA,NA,NA,NA,NA,NA,NA,NA,NA,NA,NA,NA,NA,NA,NA,NA,NA,NA,NA,NA,NA,NA,NA,NA,,NA,NA,,NA,NA,NA,,NA,NA,NA,NA,NA,NA,NA,NA,NA,NA,NA,NA,NA,NA,NA,NA,NA,NA,NA,NA,NA,NA,NA,NA,NA,NA,NA,NA,NA,NA,NA,NA,NA,NA,NA,NA,NA,NA,NA,NA,NA,NA,NA,NA,NA,,NA,,NA,
130,4,2017,0,0,4,NA,NA,0,NA,NA,NA,NA,NA,NA,NA,0,NA,NA,NA,NA,3,4/3/2020,,Health,Africa,NA,NA,,,NA,NA,,NA,NA,NA,NA,NA,NA,NA,NA,,NA,NA,NA,NA,NA,NA,NA,NA,NA,NA,NA,NA,NA,NA,NA,NA,NA,NA,NA,NA,NA,NA,NA,NA,NA,NA,,NA,NA,,NA,NA,NA,,NA,NA,NA,NA,NA,NA,NA,NA,NA,NA,NA,NA,NA,NA,NA,NA,NA,NA,NA,NA,NA,NA,NA,NA,NA,NA,NA,NA,NA,NA,NA,NA,NA,NA,NA,NA,NA,NA,NA,NA,NA,NA,NA,NA,NA,,NA,,NA,
131,4,2015,0,0,4,NA,NA,0,NA,NA,NA,NA,NA,NA,NA,0,NA,NA,NA,NA,3,4/3/2020,,Education,Asia,NA,NA,,,NA,NA,,NA,NA,NA,NA,NA,NA,NA,NA,,NA,NA,NA,NA,NA,NA,NA,NA,NA,NA,NA,NA,NA,NA,NA,NA,NA,NA,NA,NA,NA,NA,NA,NA,NA,NA,,NA,NA,,NA,NA,NA,,NA,NA,NA,NA,NA,NA,NA,NA,NA,NA,NA,NA,NA,NA,NA,NA,NA,NA,NA,NA,NA,NA,NA,NA,NA,NA,NA,NA,NA,NA,NA,NA,NA,NA,NA,NA,NA,NA,NA,NA,NA,NA,NA,NA,NA,,NA,,NA,
132,4,2012,0,0,4,NA,NA,0,NA,NA,NA,NA,NA,NA,NA,0,NA,NA,NA,NA,3,4/3/2020,,Health,Africa,NA,NA,,,NA,NA,,NA,NA,NA,NA,NA,NA,NA,NA,,NA,NA,NA,NA,NA,NA,NA,NA,NA,NA,NA,NA,NA,NA,NA,NA,NA,NA,NA,NA,NA,NA,NA,NA,NA,NA,,NA,NA,,NA,NA,NA,,NA,NA,NA,NA,NA,NA,NA,NA,NA,NA,NA,NA,NA,NA,NA,NA,NA,NA,NA,NA,NA,NA,NA,NA,NA,NA,NA,NA,NA,NA,NA,NA,NA,NA,NA,NA,NA,NA,NA,NA,NA,NA,NA,NA,NA,,NA,,NA,
133,4,2012,0,0,4,NA,NA,0,NA,NA,NA,NA,NA,NA,NA,0,NA,NA,NA,NA,3,4/3/2020,,Agriculture & Land,Africa,NA,NA,,,NA,NA,,NA,NA,NA,NA,NA,NA,NA,NA,,NA,NA,NA,NA,NA,NA,NA,NA,NA,NA,NA,NA,NA,NA,NA,NA,NA,NA,NA,NA,NA,NA,NA,NA,NA,NA,,NA,NA,,NA,NA,NA,,NA,NA,NA,NA,NA,NA,NA,NA,NA,NA,NA,NA,NA,NA,NA,NA,NA,NA,NA,NA,NA,NA,NA,NA,NA,NA,NA,NA,NA,NA,NA,NA,NA,NA,NA,NA,NA,NA,NA,NA,NA,NA,NA,NA,NA,,NA,,NA,
